int,string,string,string,string,int,string,int,int,float,float,int,string,string,string,float,int
ID,名字,描述,预制体,图标,分组,组名称,初始伤害值,初始防御值,攻击距离,攻击频率,是否有子弹,攻击口特效,移动特效,击中特效,子弹移动速度,一次攻击几发子弹
id,name,des,itemPrefab,icon,group,groupName,damaged,defene,attackRadius,attackSpeed,isBomb,pointParticle,moveParticle,hitParticle,bombMoveSpeed,bombCount,quality
1,Back Prop 01 Black,这是Back Prop 01 Black,Back Prop 01 Black,Back Prop 01 Black,1,Back,15,0,25,0.5,1,0,0,0,1,1,1
2,Back Prop 01 Blue,这是Back Prop 01 Blue,Back Prop 01 Blue,Back Prop 01 Blue,1,Back,15,0,25,0.5,1,0,0,0,1,1,1
3,Back Prop 01 Green,这是Back Prop 01 Green,Back Prop 01 Green,Back Prop 01 Green,1,Back,15,0,25,0.5,1,0,0,0,1,1,2
4,Back Prop 01 Magenta,这是Back Prop 01 Magenta,Back Prop 01 Magenta,Back Prop 01 Magenta,1,Back,15,0,25,0.5,1,0,0,0,1,1,1
5,Back Prop 01 Purple,这是Back Prop 01 Purple,Back Prop 01 Purple,Back Prop 01 Purple,1,Back,15,0,25,0.5,1,0,0,0,1,1,4
6,Back Prop 01 Red,这是Back Prop 01 Red,Back Prop 01 Red,Back Prop 01 Red,1,Back,15,0,25,0.5,1,0,0,0,1,1,6
7,Back Prop 01 White,这是Back Prop 01 White,Back Prop 01 White,Back Prop 01 White,1,Back,15,0,25,0.5,1,0,0,0,1,1,1
8,Back Prop 01 Yellow,这是Back Prop 01 Yellow,Back Prop 01 Yellow,Back Prop 01 Yellow,1,Back,15,0,25,0.5,1,0,0,0,1,1,5
9,Back Prop 02 Blue,这是Back Prop 02 Blue,Back Prop 02 Blue,Back Prop 02 Blue,1,Back,15,0,25,0.5,1,0,0,0,1,1,1
10,Back Prop 02 Green,这是Back Prop 02 Green,Back Prop 02 Green,Back Prop 02 Green,1,Back,15,0,25,0.5,1,0,0,0,1,1,2
11,Back Prop 02 Magenta,这是Back Prop 02 Magenta,Back Prop 02 Magenta,Back Prop 02 Magenta,1,Back,15,0,25,0.5,1,0,0,0,1,1,1
12,Back Prop 02 Purple,这是Back Prop 02 Purple,Back Prop 02 Purple,Back Prop 02 Purple,1,Back,15,0,25,0.5,1,0,0,0,1,1,4
13,Back Prop 02 Red,这是Back Prop 02 Red,Back Prop 02 Red,Back Prop 02 Red,1,Back,15,0,25,0.5,1,0,0,0,1,1,6
14,Back Prop 02 Yellow,这是Back Prop 02 Yellow,Back Prop 02 Yellow,Back Prop 02 Yellow,1,Back,15,0,25,0.5,1,0,0,0,1,1,5
15,Bag 01 Blue,这是Bag 01 Blue,Bag 01 Blue,Bag 01 Blue,1,Back,15,0,25,0.5,1,0,0,0,1,1,1
16,Bag 01 Green,这是Bag 01 Green,Bag 01 Green,Bag 01 Green,1,Back,15,0,25,0.5,1,0,0,0,1,1,2
17,Bag 01 Magenta,这是Bag 01 Magenta,Bag 01 Magenta,Bag 01 Magenta,1,Back,15,0,25,0.5,1,0,0,0,1,1,1
18,Bag 01 Purple,这是Bag 01 Purple,Bag 01 Purple,Bag 01 Purple,1,Back,15,0,25,0.5,1,0,0,0,1,1,4
19,Bag 01 Red,这是Bag 01 Red,Bag 01 Red,Bag 01 Red,1,Back,15,0,25,0.5,1,0,0,0,1,1,6
20,Bag 01 Yellow,这是Bag 01 Yellow,Bag 01 Yellow,Bag 01 Yellow,1,Back,15,0,25,0.5,1,0,0,0,1,1,5
21,Sack 01 Black,这是Sack 01 Black,Sack 01 Black,Sack 01 Black,1,Back,15,0,25,0.5,1,0,0,0,1,1,1
22,Sack 01 Blue,这是Sack 01 Blue,Sack 01 Blue,Sack 01 Blue,1,Back,15,0,25,0.5,1,0,0,0,1,1,1
23,Sack 01 Brown,这是Sack 01 Brown,Sack 01 Brown,Sack 01 Brown,1,Back,15,0,25,0.5,1,0,0,0,1,1,1
24,Sack 01 Green,这是Sack 01 Green,Sack 01 Green,Sack 01 Green,1,Back,15,0,25,0.5,1,0,0,0,1,1,2
25,Sack 01 Magenta,这是Sack 01 Magenta,Sack 01 Magenta,Sack 01 Magenta,1,Back,15,0,25,0.5,1,0,0,0,1,1,1
26,Sack 01 Purple,这是Sack 01 Purple,Sack 01 Purple,Sack 01 Purple,1,Back,15,0,25,0.5,1,0,0,0,1,1,4
27,Sack 01 Red,这是Sack 01 Red,Sack 01 Red,Sack 01 Red,1,Back,15,0,25,0.5,1,0,0,0,1,1,6
28,Sack 01 White,这是Sack 01 White,Sack 01 White,Sack 01 White,1,Back,15,0,25,0.5,1,0,0,0,1,1,1
29,Basket 01 Blue Tomato,这是Basket 01 Blue Tomato,Basket 01 Blue Tomato,Basket 01 Blue Tomato,1,Back,15,0,25,0.5,1,0,0,0,1,1,1
30,Basket 01 Blue Vege,这是Basket 01 Blue Vege,Basket 01 Blue Vege,Basket 01 Blue Vege,1,Back,15,0,25,0.5,1,0,0,0,1,1,1
31,Basket 01 Blue Water,这是Basket 01 Blue Water,Basket 01 Blue Water,Basket 01 Blue Water,1,Back,15,0,25,0.5,1,0,0,0,1,1,1
32,Basket 01 Brown Tomato,这是Basket 01 Brown Tomato,Basket 01 Brown Tomato,Basket 01 Brown Tomato,1,Back,15,0,25,0.5,1,0,0,0,1,1,1
33,Basket 01 Brown Vege,这是Basket 01 Brown Vege,Basket 01 Brown Vege,Basket 01 Brown Vege,1,Back,15,0,25,0.5,1,0,0,0,1,1,1
34,Basket 01 Brown Water,这是Basket 01 Brown Water,Basket 01 Brown Water,Basket 01 Brown Water,1,Back,15,0,25,0.5,1,0,0,0,1,1,1
35,Basket 01 Green Tomato,这是Basket 01 Green Tomato,Basket 01 Green Tomato,Basket 01 Green Tomato,1,Back,15,0,25,0.5,1,0,0,0,1,1,2
36,Basket 01 Green Vege,这是Basket 01 Green Vege,Basket 01 Green Vege,Basket 01 Green Vege,1,Back,15,0,25,0.5,1,0,0,0,1,1,2
37,Basket 01 Green Water,这是Basket 01 Green Water,Basket 01 Green Water,Basket 01 Green Water,1,Back,15,0,25,0.5,1,0,0,0,1,1,2
38,Basket 01 Purple Tomato,这是Basket 01 Purple Tomato,Basket 01 Purple Tomato,Basket 01 Purple Tomato,1,Back,15,0,25,0.5,1,0,0,0,1,1,4
39,Basket 01 Purple Vege,这是Basket 01 Purple Vege,Basket 01 Purple Vege,Basket 01 Purple Vege,1,Back,15,0,25,0.5,1,0,0,0,1,1,4
40,Basket 01 Purple Water,这是Basket 01 Purple Water,Basket 01 Purple Water,Basket 01 Purple Water,1,Back,15,0,25,0.5,1,0,0,0,1,1,4
41,Wings 01 Black,这是Wings 01 Black,Wings 01 Black,Wings 01 Black,1,Back,15,0,25,0.5,1,0,0,0,1,1,1
42,Wings 01 Gold,这是Wings 01 Gold,Wings 01 Gold,Wings 01 Gold,1,Back,15,0,25,0.5,1,0,0,0,1,1,1
43,Wings 01 White,这是Wings 01 White,Wings 01 White,Wings 01 White,1,Back,15,0,25,0.5,1,0,0,0,1,1,1
44,Wings 02 Dragon Black,这是Wings 02 Dragon Black,Wings 02 Dragon Black,Wings 02 Dragon Black,1,Back,15,0,25,0.5,1,0,0,0,1,1,1
45,Wings 02 Dragon Blue,这是Wings 02 Dragon Blue,Wings 02 Dragon Blue,Wings 02 Dragon Blue,1,Back,15,0,25,0.5,1,0,0,0,1,1,1
46,Wings 02 Dragon Green,这是Wings 02 Dragon Green,Wings 02 Dragon Green,Wings 02 Dragon Green,1,Back,15,0,25,0.5,1,0,0,0,1,1,2
47,Wings 02 Dragon Purple,这是Wings 02 Dragon Purple,Wings 02 Dragon Purple,Wings 02 Dragon Purple,1,Back,15,0,25,0.5,1,0,0,0,1,1,4
48,Wings 02 Dragon Red,这是Wings 02 Dragon Red,Wings 02 Dragon Red,Wings 02 Dragon Red,1,Back,15,0,25,0.5,1,0,0,0,1,1,6
49,Wings 02 Dragon White,这是Wings 02 Dragon White,Wings 02 Dragon White,Wings 02 Dragon White,1,Back,15,0,25,0.5,1,0,0,0,1,1,1
50,Wings 03 Bone Black,这是Wings 03 Bone Black,Wings 03 Bone Black,Wings 03 Bone Black,1,Back,15,0,25,0.5,1,0,0,0,1,1,1
51,Wings 03 Bone Blue,这是Wings 03 Bone Blue,Wings 03 Bone Blue,Wings 03 Bone Blue,1,Back,15,0,25,0.5,1,0,0,0,1,1,1
52,Wings 03 Bone Green,这是Wings 03 Bone Green,Wings 03 Bone Green,Wings 03 Bone Green,1,Back,15,0,25,0.5,1,0,0,0,1,1,2
53,Wings 03 Bone Purple,这是Wings 03 Bone Purple,Wings 03 Bone Purple,Wings 03 Bone Purple,1,Back,15,0,25,0.5,1,0,0,0,1,1,4
54,Wings 03 Bone Red,这是Wings 03 Bone Red,Wings 03 Bone Red,Wings 03 Bone Red,1,Back,15,0,25,0.5,1,0,0,0,1,1,6
55,Wings 03 Bone White,这是Wings 03 Bone White,Wings 03 Bone White,Wings 03 Bone White,1,Back,15,0,25,0.5,1,0,0,0,1,1,1
56,Wings 04 Dragonfly Blue,这是Wings 04 Dragonfly Blue,Wings 04 Dragonfly Blue,Wings 04 Dragonfly Blue,1,Back,15,0,25,0.5,1,0,0,0,1,1,1
57,Wings 04 Dragonfly Brown,这是Wings 04 Dragonfly Brown,Wings 04 Dragonfly Brown,Wings 04 Dragonfly Brown,1,Back,15,0,25,0.5,1,0,0,0,1,1,1
58,Wings 04 Dragonfly Grey,这是Wings 04 Dragonfly Grey,Wings 04 Dragonfly Grey,Wings 04 Dragonfly Grey,1,Back,15,0,25,0.5,1,0,0,0,1,1,1
59,Wings 04 Dragonfly Purple,这是Wings 04 Dragonfly Purple,Wings 04 Dragonfly Purple,Wings 04 Dragonfly Purple,1,Back,15,0,25,0.5,1,0,0,0,1,1,4
60,Wings 04 Dragonfly White,这是Wings 04 Dragonfly White,Wings 04 Dragonfly White,Wings 04 Dragonfly White,1,Back,15,0,25,0.5,1,0,0,0,1,1,1
61,Wings 05 Butterfly Blue,这是Wings 05 Butterfly Blue,Wings 05 Butterfly Blue,Wings 05 Butterfly Blue,1,Back,15,0,25,0.5,1,0,0,0,1,1,1
62,Wings 05 Butterfly Green,这是Wings 05 Butterfly Green,Wings 05 Butterfly Green,Wings 05 Butterfly Green,1,Back,15,0,25,0.5,1,0,0,0,1,1,2
63,Wings 05 Butterfly Orange,这是Wings 05 Butterfly Orange,Wings 05 Butterfly Orange,Wings 05 Butterfly Orange,1,Back,15,0,25,0.5,1,0,0,0,1,1,1
64,Wings 05 Butterfly Purple,这是Wings 05 Butterfly Purple,Wings 05 Butterfly Purple,Wings 05 Butterfly Purple,1,Back,15,0,25,0.5,1,0,0,0,1,1,4
65,Wings 05 Butterfly Rainbow,这是Wings 05 Butterfly Rainbow,Wings 05 Butterfly Rainbow,Wings 05 Butterfly Rainbow,1,Back,15,0,25,0.5,1,0,0,0,1,1,1
66,Wings 05 Butterfly Red,这是Wings 05 Butterfly Red,Wings 05 Butterfly Red,Wings 05 Butterfly Red,1,Back,15,0,25,0.5,1,0,0,0,1,1,6
67,Wings 05 Butterfly Yellow,这是Wings 05 Butterfly Yellow,Wings 05 Butterfly Yellow,Wings 05 Butterfly Yellow,1,Back,15,0,25,0.5,1,0,0,0,1,1,5
68,Wings 06 Leaves Blue,这是Wings 06 Leaves Blue,Wings 06 Leaves Blue,Wings 06 Leaves Blue,1,Back,15,0,25,0.5,1,0,0,0,1,1,1
69,Wings 06 Leaves Brown Green,这是Wings 06 Leaves Brown Green,Wings 06 Leaves Brown Green,Wings 06 Leaves Brown Green,1,Back,15,0,25,0.5,1,0,0,0,1,1,2
70,Wings 06 Leaves Brown,这是Wings 06 Leaves Brown,Wings 06 Leaves Brown,Wings 06 Leaves Brown,1,Back,15,0,25,0.5,1,0,0,0,1,1,1
71,Wings 06 Leaves Green Yellow,这是Wings 06 Leaves Green Yellow,Wings 06 Leaves Green Yellow,Wings 06 Leaves Green Yellow,1,Back,15,0,25,0.5,1,0,0,0,1,1,5
72,Wings 06 Leaves Green,这是Wings 06 Leaves Green,Wings 06 Leaves Green,Wings 06 Leaves Green,1,Back,15,0,25,0.5,1,0,0,0,1,1,2
73,Wings 06 Leaves Mint,这是Wings 06 Leaves Mint,Wings 06 Leaves Mint,Wings 06 Leaves Mint,1,Back,15,0,25,0.5,1,0,0,0,1,1,1
74,Wings 06 Leaves Purple,这是Wings 06 Leaves Purple,Wings 06 Leaves Purple,Wings 06 Leaves Purple,1,Back,15,0,25,0.5,1,0,0,0,1,1,4
75,Wings 06 Leaves Yellow,这是Wings 06 Leaves Yellow,Wings 06 Leaves Yellow,Wings 06 Leaves Yellow,1,Back,15,0,25,0.5,1,0,0,0,1,1,5
76,Wings 07 Love Blue,这是Wings 07 Love Blue,Wings 07 Love Blue,Wings 07 Love Blue,1,Back,15,0,25,0.5,1,0,0,0,1,1,1
77,Wings 07 Love Green,这是Wings 07 Love Green,Wings 07 Love Green,Wings 07 Love Green,1,Back,15,0,25,0.5,1,0,0,0,1,1,2
78,Wings 07 Love Orange,这是Wings 07 Love Orange,Wings 07 Love Orange,Wings 07 Love Orange,1,Back,15,0,25,0.5,1,0,0,0,1,1,1
79,Wings 07 Love Pink,这是Wings 07 Love Pink,Wings 07 Love Pink,Wings 07 Love Pink,1,Back,15,0,25,0.5,1,0,0,0,1,1,1
80,Wings 07 Love Purple,这是Wings 07 Love Purple,Wings 07 Love Purple,Wings 07 Love Purple,1,Back,15,0,25,0.5,1,0,0,0,1,1,4
81,Wings 07 Love Yellow,这是Wings 07 Love Yellow,Wings 07 Love Yellow,Wings 07 Love Yellow,1,Back,15,0,25,0.5,1,0,0,0,1,1,5
82,Wings 08 Black,这是Wings 08 Black,Wings 08 Black,Wings 08 Black,1,Back,15,0,25,0.5,1,0,0,0,1,1,1
83,Wings 08 Blue,这是Wings 08 Blue,Wings 08 Blue,Wings 08 Blue,1,Back,15,0,25,0.5,1,0,0,0,1,1,1
84,Wings 08 Brown,这是Wings 08 Brown,Wings 08 Brown,Wings 08 Brown,1,Back,15,0,25,0.5,1,0,0,0,1,1,1
85,Wings 08 Green,这是Wings 08 Green,Wings 08 Green,Wings 08 Green,1,Back,15,0,25,0.5,1,0,0,0,1,1,2
86,Wings 08 Magenta,这是Wings 08 Magenta,Wings 08 Magenta,Wings 08 Magenta,1,Back,15,0,25,0.5,1,0,0,0,1,1,1
87,Wings 08 Purple,这是Wings 08 Purple,Wings 08 Purple,Wings 08 Purple,1,Back,15,0,25,0.5,1,0,0,0,1,1,4
88,Wings 08 Red,这是Wings 08 Red,Wings 08 Red,Wings 08 Red,1,Back,15,0,25,0.5,1,0,0,0,1,1,6
89,Wings 08 White,这是Wings 08 White,Wings 08 White,Wings 08 White,1,Back,15,0,25,0.5,1,0,0,0,1,1,1
90,Wings 09 Black Red,这是Wings 09 Black Red,Wings 09 Black Red,Wings 09 Black Red,1,Back,15,0,25,0.5,1,0,0,0,1,1,6
91,Wings 09 Black,这是Wings 09 Black,Wings 09 Black,Wings 09 Black,1,Back,15,0,25,0.5,1,0,0,0,1,1,1
92,Wings 09 Blue,这是Wings 09 Blue,Wings 09 Blue,Wings 09 Blue,1,Back,15,0,25,0.5,1,0,0,0,1,1,1
93,Wings 09 Gold White,这是Wings 09 Gold White,Wings 09 Gold White,Wings 09 Gold White,1,Back,15,0,25,0.5,1,0,0,0,1,1,1
94,Wings 09 Green,这是Wings 09 Green,Wings 09 Green,Wings 09 Green,1,Back,15,0,25,0.5,1,0,0,0,1,1,2
95,Wings 09 Magenta,这是Wings 09 Magenta,Wings 09 Magenta,Wings 09 Magenta,1,Back,15,0,25,0.5,1,0,0,0,1,1,1
96,Wings 09 Purple,这是Wings 09 Purple,Wings 09 Purple,Wings 09 Purple,1,Back,15,0,25,0.5,1,0,0,0,1,1,4
97,Wings 09 Red,这是Wings 09 Red,Wings 09 Red,Wings 09 Red,1,Back,15,0,25,0.5,1,0,0,0,1,1,6
98,Wings 09 White,这是Wings 09 White,Wings 09 White,Wings 09 White,1,Back,15,0,25,0.5,1,0,0,0,1,1,1
99,Wings 09 Yellow,这是Wings 09 Yellow,Wings 09 Yellow,Wings 09 Yellow,1,Back,15,0,25,0.5,1,0,0,0,1,1,5
100,Wings 10 Black Purple,这是Wings 10 Black Purple,Wings 10 Black Purple,Wings 10 Black Purple,1,Back,15,0,25,0.5,1,0,0,0,1,1,4
101,Wings 10 Gold White,这是Wings 10 Gold White,Wings 10 Gold White,Wings 10 Gold White,1,Back,15,0,25,0.5,1,0,0,0,1,1,1
102,Wings 10 Purple Green,这是Wings 10 Purple Green,Wings 10 Purple Green,Wings 10 Purple Green,1,Back,15,0,25,0.5,1,0,0,0,1,1,4
103,Wings 10 Purple Magenta,这是Wings 10 Purple Magenta,Wings 10 Purple Magenta,Wings 10 Purple Magenta,1,Back,15,0,25,0.5,1,0,0,0,1,1,4
104,Wings 10 Purple Red,这是Wings 10 Purple Red,Wings 10 Purple Red,Wings 10 Purple Red,1,Back,15,0,25,0.5,1,0,0,0,1,1,6
105,Wings 10 Red Yellow,这是Wings 10 Red Yellow,Wings 10 Red Yellow,Wings 10 Red Yellow,1,Back,15,0,25,0.5,1,0,0,0,1,1,6
106,Wings 10 White Black,这是Wings 10 White Black,Wings 10 White Black,Wings 10 White Black,1,Back,15,0,25,0.5,1,0,0,0,1,1,1
107,Wings 10 White Blue,这是Wings 10 White Blue,Wings 10 White Blue,Wings 10 White Blue,1,Back,15,0,25,0.5,1,0,0,0,1,1,1
108,Wings 11 Blue,这是Wings 11 Blue,Wings 11 Blue,Wings 11 Blue,1,Back,15,0,25,0.5,1,0,0,0,1,1,1
109,Wings 11 Green,这是Wings 11 Green,Wings 11 Green,Wings 11 Green,1,Back,15,0,25,0.5,1,0,0,0,1,1,2
110,Wings 11 Purple,这是Wings 11 Purple,Wings 11 Purple,Wings 11 Purple,1,Back,15,0,25,0.5,1,0,0,0,1,1,4
111,Wings 11 Red,这是Wings 11 Red,Wings 11 Red,Wings 11 Red,1,Back,15,0,25,0.5,1,0,0,0,1,1,6
112,Wings 11 Yellow,这是Wings 11 Yellow,Wings 11 Yellow,Wings 11 Yellow,1,Back,15,0,25,0.5,1,0,0,0,1,1,5
113,Quiver 01 Blue Arrow Black,这是Quiver 01 Blue Arrow Black,Quiver 01 Blue Arrow Black,Quiver 01 Blue Arrow Black,1,Back,15,0,25,0.5,1,0,0,0,1,1,1
114,Quiver 01 Blue Arrow Blue,这是Quiver 01 Blue Arrow Blue,Quiver 01 Blue Arrow Blue,Quiver 01 Blue Arrow Blue,1,Back,15,0,25,0.5,1,0,0,0,1,1,1
115,Quiver 01 Blue Arrow Green,这是Quiver 01 Blue Arrow Green,Quiver 01 Blue Arrow Green,Quiver 01 Blue Arrow Green,1,Back,15,0,25,0.5,1,0,0,0,1,1,2
116,Quiver 01 Blue Arrow Purple,这是Quiver 01 Blue Arrow Purple,Quiver 01 Blue Arrow Purple,Quiver 01 Blue Arrow Purple,1,Back,15,0,25,0.5,1,0,0,0,1,1,4
117,Quiver 01 Blue Arrow Red,这是Quiver 01 Blue Arrow Red,Quiver 01 Blue Arrow Red,Quiver 01 Blue Arrow Red,1,Back,15,0,25,0.5,1,0,0,0,1,1,6
118,Quiver 01 Blue Arrow White,这是Quiver 01 Blue Arrow White,Quiver 01 Blue Arrow White,Quiver 01 Blue Arrow White,1,Back,15,0,25,0.5,1,0,0,0,1,1,1
119,Quiver 01 Blue Arrow Yellow,这是Quiver 01 Blue Arrow Yellow,Quiver 01 Blue Arrow Yellow,Quiver 01 Blue Arrow Yellow,1,Back,15,0,25,0.5,1,0,0,0,1,1,5
120,Quiver 01 Green Arrow Black,这是Quiver 01 Green Arrow Black,Quiver 01 Green Arrow Black,Quiver 01 Green Arrow Black,1,Back,15,0,25,0.5,1,0,0,0,1,1,2
121,Quiver 01 Green Arrow Blue,这是Quiver 01 Green Arrow Blue,Quiver 01 Green Arrow Blue,Quiver 01 Green Arrow Blue,1,Back,15,0,25,0.5,1,0,0,0,1,1,2
122,Quiver 01 Green Arrow Green,这是Quiver 01 Green Arrow Green,Quiver 01 Green Arrow Green,Quiver 01 Green Arrow Green,1,Back,15,0,25,0.5,1,0,0,0,1,1,2
123,Quiver 01 Green Arrow Purple,这是Quiver 01 Green Arrow Purple,Quiver 01 Green Arrow Purple,Quiver 01 Green Arrow Purple,1,Back,15,0,25,0.5,1,0,0,0,1,1,4
124,Quiver 01 Green Arrow Red,这是Quiver 01 Green Arrow Red,Quiver 01 Green Arrow Red,Quiver 01 Green Arrow Red,1,Back,15,0,25,0.5,1,0,0,0,1,1,6
125,Quiver 01 Green Arrow White,这是Quiver 01 Green Arrow White,Quiver 01 Green Arrow White,Quiver 01 Green Arrow White,1,Back,15,0,25,0.5,1,0,0,0,1,1,2
126,Quiver 01 Green Arrow Yellow,这是Quiver 01 Green Arrow Yellow,Quiver 01 Green Arrow Yellow,Quiver 01 Green Arrow Yellow,1,Back,15,0,25,0.5,1,0,0,0,1,1,5
127,Quiver 01 Purple Arrow Black,这是Quiver 01 Purple Arrow Black,Quiver 01 Purple Arrow Black,Quiver 01 Purple Arrow Black,1,Back,15,0,25,0.5,1,0,0,0,1,1,4
128,Quiver 01 Purple Arrow Blue,这是Quiver 01 Purple Arrow Blue,Quiver 01 Purple Arrow Blue,Quiver 01 Purple Arrow Blue,1,Back,15,0,25,0.5,1,0,0,0,1,1,4
129,Quiver 01 Purple Arrow Green,这是Quiver 01 Purple Arrow Green,Quiver 01 Purple Arrow Green,Quiver 01 Purple Arrow Green,1,Back,15,0,25,0.5,1,0,0,0,1,1,4
130,Quiver 01 Purple Arrow Purple,这是Quiver 01 Purple Arrow Purple,Quiver 01 Purple Arrow Purple,Quiver 01 Purple Arrow Purple,1,Back,15,0,25,0.5,1,0,0,0,1,1,4
131,Quiver 01 Purple Arrow Red,这是Quiver 01 Purple Arrow Red,Quiver 01 Purple Arrow Red,Quiver 01 Purple Arrow Red,1,Back,15,0,25,0.5,1,0,0,0,1,1,6
132,Quiver 01 Purple Arrow White,这是Quiver 01 Purple Arrow White,Quiver 01 Purple Arrow White,Quiver 01 Purple Arrow White,1,Back,15,0,25,0.5,1,0,0,0,1,1,4
133,Quiver 01 Purple Arrow Yellow,这是Quiver 01 Purple Arrow Yellow,Quiver 01 Purple Arrow Yellow,Quiver 01 Purple Arrow Yellow,1,Back,15,0,25,0.5,1,0,0,0,1,1,5
134,Quiver 01 Red Arrow Black,这是Quiver 01 Red Arrow Black,Quiver 01 Red Arrow Black,Quiver 01 Red Arrow Black,1,Back,15,0,25,0.5,1,0,0,0,1,1,6
135,Quiver 01 Red Arrow Blue,这是Quiver 01 Red Arrow Blue,Quiver 01 Red Arrow Blue,Quiver 01 Red Arrow Blue,1,Back,15,0,25,0.5,1,0,0,0,1,1,6
136,Quiver 01 Red Arrow Green,这是Quiver 01 Red Arrow Green,Quiver 01 Red Arrow Green,Quiver 01 Red Arrow Green,1,Back,15,0,25,0.5,1,0,0,0,1,1,6
137,Quiver 01 Red Arrow Purple,这是Quiver 01 Red Arrow Purple,Quiver 01 Red Arrow Purple,Quiver 01 Red Arrow Purple,1,Back,15,0,25,0.5,1,0,0,0,1,1,6
138,Quiver 01 Red Arrow Red,这是Quiver 01 Red Arrow Red,Quiver 01 Red Arrow Red,Quiver 01 Red Arrow Red,1,Back,15,0,25,0.5,1,0,0,0,1,1,6
139,Quiver 01 Red Arrow White,这是Quiver 01 Red Arrow White,Quiver 01 Red Arrow White,Quiver 01 Red Arrow White,1,Back,15,0,25,0.5,1,0,0,0,1,1,6
140,Quiver 01 Red Arrow Yellow,这是Quiver 01 Red Arrow Yellow,Quiver 01 Red Arrow Yellow,Quiver 01 Red Arrow Yellow,1,Back,15,0,25,0.5,1,0,0,0,1,1,6
141,Beard 01 Black,这是Beard 01 Black,Beard 01 Black,Beard 01 Black,0,Head,15,0,25,0.5,1,0,0,0,1,1,1
142,Beard 01 Blonde,这是Beard 01 Blonde,Beard 01 Blonde,Beard 01 Blonde,0,Head,15,0,25,0.5,1,0,0,0,1,1,1
143,Beard 01 Brown,这是Beard 01 Brown,Beard 01 Brown,Beard 01 Brown,0,Head,15,0,25,0.5,1,0,0,0,1,1,1
144,Beard 01 Cyan,这是Beard 01 Cyan,Beard 01 Cyan,Beard 01 Cyan,0,Head,15,0,25,0.5,1,0,0,0,1,1,1
145,Beard 01 Grey,这是Beard 01 Grey,Beard 01 Grey,Beard 01 Grey,0,Head,15,0,25,0.5,1,0,0,0,1,1,1
146,Beard 01 Purple,这是Beard 01 Purple,Beard 01 Purple,Beard 01 Purple,0,Head,15,0,25,0.5,1,0,0,0,1,1,4
147,Beard 01 Red,这是Beard 01 Red,Beard 01 Red,Beard 01 Red,0,Head,15,0,25,0.5,1,0,0,0,1,1,6
148,Beard 02 Black,这是Beard 02 Black,Beard 02 Black,Beard 02 Black,0,Head,15,0,25,0.5,1,0,0,0,1,1,1
149,Beard 02 Blonde,这是Beard 02 Blonde,Beard 02 Blonde,Beard 02 Blonde,0,Head,15,0,25,0.5,1,0,0,0,1,1,1
150,Beard 02 Brown,这是Beard 02 Brown,Beard 02 Brown,Beard 02 Brown,0,Head,15,0,25,0.5,1,0,0,0,1,1,1
151,Beard 02 Cyan,这是Beard 02 Cyan,Beard 02 Cyan,Beard 02 Cyan,0,Head,15,0,25,0.5,1,0,0,0,1,1,1
152,Beard 02 Grey,这是Beard 02 Grey,Beard 02 Grey,Beard 02 Grey,0,Head,15,0,25,0.5,1,0,0,0,1,1,1
153,Beard 02 Purple,这是Beard 02 Purple,Beard 02 Purple,Beard 02 Purple,0,Head,15,0,25,0.5,1,0,0,0,1,1,4
154,Beard 02 Red,这是Beard 02 Red,Beard 02 Red,Beard 02 Red,0,Head,15,0,25,0.5,1,0,0,0,1,1,6
155,Beard 03 Black,这是Beard 03 Black,Beard 03 Black,Beard 03 Black,0,Head,15,0,25,0.5,1,0,0,0,1,1,1
156,Beard 03 Blonde,这是Beard 03 Blonde,Beard 03 Blonde,Beard 03 Blonde,0,Head,15,0,25,0.5,1,0,0,0,1,1,1
157,Beard 03 Brown,这是Beard 03 Brown,Beard 03 Brown,Beard 03 Brown,0,Head,15,0,25,0.5,1,0,0,0,1,1,1
158,Beard 03 Cyan,这是Beard 03 Cyan,Beard 03 Cyan,Beard 03 Cyan,0,Head,15,0,25,0.5,1,0,0,0,1,1,1
159,Beard 03 Grey,这是Beard 03 Grey,Beard 03 Grey,Beard 03 Grey,0,Head,15,0,25,0.5,1,0,0,0,1,1,1
160,Beard 03 Purple,这是Beard 03 Purple,Beard 03 Purple,Beard 03 Purple,0,Head,15,0,25,0.5,1,0,0,0,1,1,4
161,Beard 03 Red,这是Beard 03 Red,Beard 03 Red,Beard 03 Red,0,Head,15,0,25,0.5,1,0,0,0,1,1,6
162,Crown 01 Sorceress Blue,这是Crown 01 Sorceress Blue,Crown 01 Sorceress Blue,Crown 01 Sorceress Blue,0,Head,15,0,25,0.5,1,0,0,0,1,1,1
163,Crown 01 Sorceress Green,这是Crown 01 Sorceress Green,Crown 01 Sorceress Green,Crown 01 Sorceress Green,0,Head,15,0,25,0.5,1,0,0,0,1,1,2
164,Crown 01 Sorceress Red,这是Crown 01 Sorceress Red,Crown 01 Sorceress Red,Crown 01 Sorceress Red,0,Head,15,0,25,0.5,1,0,0,0,1,1,6
165,Crown 01 Sorceress White,这是Crown 01 Sorceress White,Crown 01 Sorceress White,Crown 01 Sorceress White,0,Head,15,0,25,0.5,1,0,0,0,1,1,1
166,Crown 02 Blue,这是Crown 02 Blue,Crown 02 Blue,Crown 02 Blue,0,Head,15,0,25,0.5,1,0,0,0,1,1,1
167,Crown 02 Cyan,这是Crown 02 Cyan,Crown 02 Cyan,Crown 02 Cyan,0,Head,15,0,25,0.5,1,0,0,0,1,1,1
168,Crown 02 Green,这是Crown 02 Green,Crown 02 Green,Crown 02 Green,0,Head,15,0,25,0.5,1,0,0,0,1,1,2
169,Crown 02 Purple,这是Crown 02 Purple,Crown 02 Purple,Crown 02 Purple,0,Head,15,0,25,0.5,1,0,0,0,1,1,4
170,Crown 02 Red,这是Crown 02 Red,Crown 02 Red,Crown 02 Red,0,Head,15,0,25,0.5,1,0,0,0,1,1,6
171,Crown 02 White,这是Crown 02 White,Crown 02 White,Crown 02 White,0,Head,15,0,25,0.5,1,0,0,0,1,1,1
172,Crown 03 Gold,这是Crown 03 Gold,Crown 03 Gold,Crown 03 Gold,0,Head,15,0,25,0.5,1,0,0,0,1,1,1
173,Crown 04 Black,这是Crown 04 Black,Crown 04 Black,Crown 04 Black,0,Head,15,0,25,0.5,1,0,0,0,1,1,1
174,Crown 04 Blue,这是Crown 04 Blue,Crown 04 Blue,Crown 04 Blue,0,Head,15,0,25,0.5,1,0,0,0,1,1,1
175,Crown 04 Green,这是Crown 04 Green,Crown 04 Green,Crown 04 Green,0,Head,15,0,25,0.5,1,0,0,0,1,1,2
176,Crown 04 Magenta,这是Crown 04 Magenta,Crown 04 Magenta,Crown 04 Magenta,0,Head,15,0,25,0.5,1,0,0,0,1,1,1
177,Crown 04 Purple,这是Crown 04 Purple,Crown 04 Purple,Crown 04 Purple,0,Head,15,0,25,0.5,1,0,0,0,1,1,4
178,Crown 04 Red,这是Crown 04 Red,Crown 04 Red,Crown 04 Red,0,Head,15,0,25,0.5,1,0,0,0,1,1,6
179,Crown 04 White,这是Crown 04 White,Crown 04 White,Crown 04 White,0,Head,15,0,25,0.5,1,0,0,0,1,1,1
180,Crown 04 Yellow,这是Crown 04 Yellow,Crown 04 Yellow,Crown 04 Yellow,0,Head,15,0,25,0.5,1,0,0,0,1,1,5
181,Bunny Ears Black Blue,这是Bunny Ears Black Blue,Bunny Ears Black Blue,Bunny Ears Black Blue,0,Head,15,0,25,0.5,1,0,0,0,1,1,1
182,Bunny Ears Black Pink,这是Bunny Ears Black Pink,Bunny Ears Black Pink,Bunny Ears Black Pink,0,Head,15,0,25,0.5,1,0,0,0,1,1,1
183,Bunny Ears Black Purple,这是Bunny Ears Black Purple,Bunny Ears Black Purple,Bunny Ears Black Purple,0,Head,15,0,25,0.5,1,0,0,0,1,1,4
184,Bunny Ears Strips Black,这是Bunny Ears Strips Black,Bunny Ears Strips Black,Bunny Ears Strips Black,0,Head,15,0,25,0.5,1,0,0,0,1,1,1
185,Bunny Ears Strips Blue,这是Bunny Ears Strips Blue,Bunny Ears Strips Blue,Bunny Ears Strips Blue,0,Head,15,0,25,0.5,1,0,0,0,1,1,1
186,Bunny Ears Strips Brown,这是Bunny Ears Strips Brown,Bunny Ears Strips Brown,Bunny Ears Strips Brown,0,Head,15,0,25,0.5,1,0,0,0,1,1,1
187,Bunny Ears Strips Purple,这是Bunny Ears Strips Purple,Bunny Ears Strips Purple,Bunny Ears Strips Purple,0,Head,15,0,25,0.5,1,0,0,0,1,1,4
188,Bunny Ears White Pink,这是Bunny Ears White Pink,Bunny Ears White Pink,Bunny Ears White Pink,0,Head,15,0,25,0.5,1,0,0,0,1,1,1
189,Bunny Ears White Purple,这是Bunny Ears White Purple,Bunny Ears White Purple,Bunny Ears White Purple,0,Head,15,0,25,0.5,1,0,0,0,1,1,4
190,Cat Ears Black Blue,这是Cat Ears Black Blue,Cat Ears Black Blue,Cat Ears Black Blue,0,Head,15,0,25,0.5,1,0,0,0,1,1,1
191,Cat Ears Black Green,这是Cat Ears Black Green,Cat Ears Black Green,Cat Ears Black Green,0,Head,15,0,25,0.5,1,0,0,0,1,1,2
192,Cat Ears Black Pink,这是Cat Ears Black Pink,Cat Ears Black Pink,Cat Ears Black Pink,0,Head,15,0,25,0.5,1,0,0,0,1,1,1
193,Cat Ears Black Purple,这是Cat Ears Black Purple,Cat Ears Black Purple,Cat Ears Black Purple,0,Head,15,0,25,0.5,1,0,0,0,1,1,4
194,Cat Ears Black Red,这是Cat Ears Black Red,Cat Ears Black Red,Cat Ears Black Red,0,Head,15,0,25,0.5,1,0,0,0,1,1,6
195,Cat Ears Black Yellow,这是Cat Ears Black Yellow,Cat Ears Black Yellow,Cat Ears Black Yellow,0,Head,15,0,25,0.5,1,0,0,0,1,1,5
196,Cat Ears White Blue,这是Cat Ears White Blue,Cat Ears White Blue,Cat Ears White Blue,0,Head,15,0,25,0.5,1,0,0,0,1,1,1
197,Cat Ears White Purple,这是Cat Ears White Purple,Cat Ears White Purple,Cat Ears White Purple,0,Head,15,0,25,0.5,1,0,0,0,1,1,4
198,Cat Ears White Red,这是Cat Ears White Red,Cat Ears White Red,Cat Ears White Red,0,Head,15,0,25,0.5,1,0,0,0,1,1,6
199,Cat Ears White Yellow,这是Cat Ears White Yellow,Cat Ears White Yellow,Cat Ears White Yellow,0,Head,15,0,25,0.5,1,0,0,0,1,1,5
200,Coif 01 White,这是Coif 01 White,Coif 01 White,Coif 01 White,0,Head,15,0,25,0.5,1,0,0,0,1,1,1
201,Hat 01 Wizard Black,这是Hat 01 Wizard Black,Hat 01 Wizard Black,Hat 01 Wizard Black,0,Head,15,0,25,0.5,1,0,0,0,1,1,1
202,Hat 01 Wizard Blue,这是Hat 01 Wizard Blue,Hat 01 Wizard Blue,Hat 01 Wizard Blue,0,Head,15,0,25,0.5,1,0,0,0,1,1,1
203,Hat 01 Wizard Green,这是Hat 01 Wizard Green,Hat 01 Wizard Green,Hat 01 Wizard Green,0,Head,15,0,25,0.5,1,0,0,0,1,1,2
204,Hat 01 Wizard Purple,这是Hat 01 Wizard Purple,Hat 01 Wizard Purple,Hat 01 Wizard Purple,0,Head,15,0,25,0.5,1,0,0,0,1,1,4
205,Hat 01 Wizard Red,这是Hat 01 Wizard Red,Hat 01 Wizard Red,Hat 01 Wizard Red,0,Head,15,0,25,0.5,1,0,0,0,1,1,6
206,Hat 01 Wizard White,这是Hat 01 Wizard White,Hat 01 Wizard White,Hat 01 Wizard White,0,Head,15,0,25,0.5,1,0,0,0,1,1,1
207,Hat 02 Peasant Black White,这是Hat 02 Peasant Black White,Hat 02 Peasant Black White,Hat 02 Peasant Black White,0,Head,15,0,25,0.5,1,0,0,0,1,1,1
208,Hat 02 Peasant Blue Cyan,这是Hat 02 Peasant Blue Cyan,Hat 02 Peasant Blue Cyan,Hat 02 Peasant Blue Cyan,0,Head,15,0,25,0.5,1,0,0,0,1,1,1
209,Hat 02 Peasant Green Yellow,这是Hat 02 Peasant Green Yellow,Hat 02 Peasant Green Yellow,Hat 02 Peasant Green Yellow,0,Head,15,0,25,0.5,1,0,0,0,1,1,5
210,Hat 02 Peasant Grey Blue,这是Hat 02 Peasant Grey Blue,Hat 02 Peasant Grey Blue,Hat 02 Peasant Grey Blue,0,Head,15,0,25,0.5,1,0,0,0,1,1,1
211,Hat 02 Peasant Grey Brown,这是Hat 02 Peasant Grey Brown,Hat 02 Peasant Grey Brown,Hat 02 Peasant Grey Brown,0,Head,15,0,25,0.5,1,0,0,0,1,1,1
212,Hat 02 Peasant Grey Green,这是Hat 02 Peasant Grey Green,Hat 02 Peasant Grey Green,Hat 02 Peasant Grey Green,0,Head,15,0,25,0.5,1,0,0,0,1,1,2
213,Hat 02 Peasant Grey Red,这是Hat 02 Peasant Grey Red,Hat 02 Peasant Grey Red,Hat 02 Peasant Grey Red,0,Head,15,0,25,0.5,1,0,0,0,1,1,6
214,Hat 02 Peasant Purple Pink,这是Hat 02 Peasant Purple Pink,Hat 02 Peasant Purple Pink,Hat 02 Peasant Purple Pink,0,Head,15,0,25,0.5,1,0,0,0,1,1,4
215,Hat 02 Peasant Red Yellow,这是Hat 02 Peasant Red Yellow,Hat 02 Peasant Red Yellow,Hat 02 Peasant Red Yellow,0,Head,15,0,25,0.5,1,0,0,0,1,1,6
216,Hat 02 Peasant White Black,这是Hat 02 Peasant White Black,Hat 02 Peasant White Black,Hat 02 Peasant White Black,0,Head,15,0,25,0.5,1,0,0,0,1,1,1
217,Hat 02 Peasant Yellow Blue,这是Hat 02 Peasant Yellow Blue,Hat 02 Peasant Yellow Blue,Hat 02 Peasant Yellow Blue,0,Head,15,0,25,0.5,1,0,0,0,1,1,5
218,Hat 02 Peasant Yellow Green,这是Hat 02 Peasant Yellow Green,Hat 02 Peasant Yellow Green,Hat 02 Peasant Yellow Green,0,Head,15,0,25,0.5,1,0,0,0,1,1,5
219,Hat 02 Peasant Yellow Purple,这是Hat 02 Peasant Yellow Purple,Hat 02 Peasant Yellow Purple,Hat 02 Peasant Yellow Purple,0,Head,15,0,25,0.5,1,0,0,0,1,1,5
220,Hat 02 Peasant Yellow Red,这是Hat 02 Peasant Yellow Red,Hat 02 Peasant Yellow Red,Hat 02 Peasant Yellow Red,0,Head,15,0,25,0.5,1,0,0,0,1,1,6
221,Hat 03 Black,这是Hat 03 Black,Hat 03 Black,Hat 03 Black,0,Head,15,0,25,0.5,1,0,0,0,1,1,1
222,Hat 03 Blue,这是Hat 03 Blue,Hat 03 Blue,Hat 03 Blue,0,Head,15,0,25,0.5,1,0,0,0,1,1,1
223,Hat 03 Green,这是Hat 03 Green,Hat 03 Green,Hat 03 Green,0,Head,15,0,25,0.5,1,0,0,0,1,1,2
224,Hat 03 Purple,这是Hat 03 Purple,Hat 03 Purple,Hat 03 Purple,0,Head,15,0,25,0.5,1,0,0,0,1,1,4
225,Hat 03 Red,这是Hat 03 Red,Hat 03 Red,Hat 03 Red,0,Head,15,0,25,0.5,1,0,0,0,1,1,6
226,Hat 03 Yellow,这是Hat 03 Yellow,Hat 03 Yellow,Hat 03 Yellow,0,Head,15,0,25,0.5,1,0,0,0,1,1,5
227,Hat 04 Black,这是Hat 04 Black,Hat 04 Black,Hat 04 Black,0,Head,15,0,25,0.5,1,0,0,0,1,1,1
228,Hat 04 Blue,这是Hat 04 Blue,Hat 04 Blue,Hat 04 Blue,0,Head,15,0,25,0.5,1,0,0,0,1,1,1
229,Hat 04 Green,这是Hat 04 Green,Hat 04 Green,Hat 04 Green,0,Head,15,0,25,0.5,1,0,0,0,1,1,2
230,Hat 04 Purple,这是Hat 04 Purple,Hat 04 Purple,Hat 04 Purple,0,Head,15,0,25,0.5,1,0,0,0,1,1,4
231,Hat 04 Red,这是Hat 04 Red,Hat 04 Red,Hat 04 Red,0,Head,15,0,25,0.5,1,0,0,0,1,1,6
232,Hat 04 Yellow,这是Hat 04 Yellow,Hat 04 Yellow,Hat 04 Yellow,0,Head,15,0,25,0.5,1,0,0,0,1,1,5
233,Hat 05 Elf,这是Hat 05 Elf,Hat 05 Elf,Hat 05 Elf,0,Head,15,0,25,0.5,1,0,0,0,1,1,1
234,Hat 05 Santa,这是Hat 05 Santa,Hat 05 Santa,Hat 05 Santa,0,Head,15,0,25,0.5,1,0,0,0,1,1,1
235,Headband 01 Black Blue,这是Headband 01 Black Blue,Headband 01 Black Blue,Headband 01 Black Blue,0,Head,15,0,25,0.5,1,0,0,0,1,1,1
236,Headband 01 Black Green,这是Headband 01 Black Green,Headband 01 Black Green,Headband 01 Black Green,0,Head,15,0,25,0.5,1,0,0,0,1,1,2
237,Headband 01 Black Purple,这是Headband 01 Black Purple,Headband 01 Black Purple,Headband 01 Black Purple,0,Head,15,0,25,0.5,1,0,0,0,1,1,4
238,Headband 01 Black Red,这是Headband 01 Black Red,Headband 01 Black Red,Headband 01 Black Red,0,Head,15,0,25,0.5,1,0,0,0,1,1,6
239,Headband 01 Black White,这是Headband 01 Black White,Headband 01 Black White,Headband 01 Black White,0,Head,15,0,25,0.5,1,0,0,0,1,1,1
240,Headband 01 Black Yellow,这是Headband 01 Black Yellow,Headband 01 Black Yellow,Headband 01 Black Yellow,0,Head,15,0,25,0.5,1,0,0,0,1,1,5
241,Headband 01 Gold,这是Headband 01 Gold,Headband 01 Gold,Headband 01 Gold,0,Head,15,0,25,0.5,1,0,0,0,1,1,1
242,Headband 02 Blue,这是Headband 02 Blue,Headband 02 Blue,Headband 02 Blue,0,Head,15,0,25,0.5,1,0,0,0,1,1,1
243,Headband 02 Green,这是Headband 02 Green,Headband 02 Green,Headband 02 Green,0,Head,15,0,25,0.5,1,0,0,0,1,1,2
244,Headband 02 Purple,这是Headband 02 Purple,Headband 02 Purple,Headband 02 Purple,0,Head,15,0,25,0.5,1,0,0,0,1,1,4
245,Headband 02 Red,这是Headband 02 Red,Headband 02 Red,Headband 02 Red,0,Head,15,0,25,0.5,1,0,0,0,1,1,6
246,Headband 02 White,这是Headband 02 White,Headband 02 White,Headband 02 White,0,Head,15,0,25,0.5,1,0,0,0,1,1,1
247,Headband 02 Yellow,这是Headband 02 Yellow,Headband 02 Yellow,Headband 02 Yellow,0,Head,15,0,25,0.5,1,0,0,0,1,1,5
248,Headband 03 Blue,这是Headband 03 Blue,Headband 03 Blue,Headband 03 Blue,0,Head,15,0,25,0.5,1,0,0,0,1,1,1
249,Headband 03 Green,这是Headband 03 Green,Headband 03 Green,Headband 03 Green,0,Head,15,0,25,0.5,1,0,0,0,1,1,2
250,Headband 03 Purple,这是Headband 03 Purple,Headband 03 Purple,Headband 03 Purple,0,Head,15,0,25,0.5,1,0,0,0,1,1,4
251,Headband 03 Red,这是Headband 03 Red,Headband 03 Red,Headband 03 Red,0,Head,15,0,25,0.5,1,0,0,0,1,1,6
252,Headband 03 Yellow,这是Headband 03 Yellow,Headband 03 Yellow,Headband 03 Yellow,0,Head,15,0,25,0.5,1,0,0,0,1,1,5
253,Headband 04 Blue,这是Headband 04 Blue,Headband 04 Blue,Headband 04 Blue,0,Head,15,0,25,0.5,1,0,0,0,1,1,1
254,Headband 04 Green,这是Headband 04 Green,Headband 04 Green,Headband 04 Green,0,Head,15,0,25,0.5,1,0,0,0,1,1,2
255,Headband 04 Purple,这是Headband 04 Purple,Headband 04 Purple,Headband 04 Purple,0,Head,15,0,25,0.5,1,0,0,0,1,1,4
256,Headband 04 Red,这是Headband 04 Red,Headband 04 Red,Headband 04 Red,0,Head,15,0,25,0.5,1,0,0,0,1,1,6
257,Headband 05 Black,这是Headband 05 Black,Headband 05 Black,Headband 05 Black,0,Head,15,0,25,0.5,1,0,0,0,1,1,1
258,Headband 05 Blue,这是Headband 05 Blue,Headband 05 Blue,Headband 05 Blue,0,Head,15,0,25,0.5,1,0,0,0,1,1,1
259,Headband 05 Green,这是Headband 05 Green,Headband 05 Green,Headband 05 Green,0,Head,15,0,25,0.5,1,0,0,0,1,1,2
260,Headband 05 Purple,这是Headband 05 Purple,Headband 05 Purple,Headband 05 Purple,0,Head,15,0,25,0.5,1,0,0,0,1,1,4
261,Headband 05 Red,这是Headband 05 Red,Headband 05 Red,Headband 05 Red,0,Head,15,0,25,0.5,1,0,0,0,1,1,6
262,Headband 05 White,这是Headband 05 White,Headband 05 White,Headband 05 White,0,Head,15,0,25,0.5,1,0,0,0,1,1,1
263,Headband 06 Blue,这是Headband 06 Blue,Headband 06 Blue,Headband 06 Blue,0,Head,15,0,25,0.5,1,0,0,0,1,1,1
264,Headband 06 Green,这是Headband 06 Green,Headband 06 Green,Headband 06 Green,0,Head,15,0,25,0.5,1,0,0,0,1,1,2
265,Headband 06 Magenta,这是Headband 06 Magenta,Headband 06 Magenta,Headband 06 Magenta,0,Head,15,0,25,0.5,1,0,0,0,1,1,1
266,Headband 06 Purple,这是Headband 06 Purple,Headband 06 Purple,Headband 06 Purple,0,Head,15,0,25,0.5,1,0,0,0,1,1,4
267,Headband 06 Red,这是Headband 06 Red,Headband 06 Red,Headband 06 Red,0,Head,15,0,25,0.5,1,0,0,0,1,1,6
268,Headband 06 White,这是Headband 06 White,Headband 06 White,Headband 06 White,0,Head,15,0,25,0.5,1,0,0,0,1,1,1
269,Headband 06 Yellow,这是Headband 06 Yellow,Headband 06 Yellow,Headband 06 Yellow,0,Head,15,0,25,0.5,1,0,0,0,1,1,5
270,Headband 07 Black,这是Headband 07 Black,Headband 07 Black,Headband 07 Black,0,Head,15,0,25,0.5,1,0,0,0,1,1,1
271,Headband 07 Blue,这是Headband 07 Blue,Headband 07 Blue,Headband 07 Blue,0,Head,15,0,25,0.5,1,0,0,0,1,1,1
272,Headband 07 Green,这是Headband 07 Green,Headband 07 Green,Headband 07 Green,0,Head,15,0,25,0.5,1,0,0,0,1,1,2
273,Headband 07 Magenta,这是Headband 07 Magenta,Headband 07 Magenta,Headband 07 Magenta,0,Head,15,0,25,0.5,1,0,0,0,1,1,1
274,Headband 07 Purple,这是Headband 07 Purple,Headband 07 Purple,Headband 07 Purple,0,Head,15,0,25,0.5,1,0,0,0,1,1,4
275,Headband 07 Red,这是Headband 07 Red,Headband 07 Red,Headband 07 Red,0,Head,15,0,25,0.5,1,0,0,0,1,1,6
276,Headband 07 Yellow,这是Headband 07 Yellow,Headband 07 Yellow,Headband 07 Yellow,0,Head,15,0,25,0.5,1,0,0,0,1,1,5
277,Headband 08 Black,这是Headband 08 Black,Headband 08 Black,Headband 08 Black,0,Head,15,0,25,0.5,1,0,0,0,1,1,1
278,Headband 08 Blue,这是Headband 08 Blue,Headband 08 Blue,Headband 08 Blue,0,Head,15,0,25,0.5,1,0,0,0,1,1,1
279,Headband 08 Green,这是Headband 08 Green,Headband 08 Green,Headband 08 Green,0,Head,15,0,25,0.5,1,0,0,0,1,1,2
280,Headband 08 Magenta,这是Headband 08 Magenta,Headband 08 Magenta,Headband 08 Magenta,0,Head,15,0,25,0.5,1,0,0,0,1,1,1
281,Headband 08 Purple,这是Headband 08 Purple,Headband 08 Purple,Headband 08 Purple,0,Head,15,0,25,0.5,1,0,0,0,1,1,4
282,Headband 08 Red,这是Headband 08 Red,Headband 08 Red,Headband 08 Red,0,Head,15,0,25,0.5,1,0,0,0,1,1,6
283,Headband 08 White,这是Headband 08 White,Headband 08 White,Headband 08 White,0,Head,15,0,25,0.5,1,0,0,0,1,1,1
284,Headband 08 Yellow,这是Headband 08 Yellow,Headband 08 Yellow,Headband 08 Yellow,0,Head,15,0,25,0.5,1,0,0,0,1,1,5
285,Helmet 01 Knight Black,这是Helmet 01 Knight Black,Helmet 01 Knight Black,Helmet 01 Knight Black,0,Head,15,0,25,0.5,1,0,0,0,1,1,1
286,Helmet 01 Knight Blue,这是Helmet 01 Knight Blue,Helmet 01 Knight Blue,Helmet 01 Knight Blue,0,Head,15,0,25,0.5,1,0,0,0,1,1,1
287,Helmet 01 Knight Red,这是Helmet 01 Knight Red,Helmet 01 Knight Red,Helmet 01 Knight Red,0,Head,15,0,25,0.5,1,0,0,0,1,1,6
288,Helmet 01 Knight White,这是Helmet 01 Knight White,Helmet 01 Knight White,Helmet 01 Knight White,0,Head,15,0,25,0.5,1,0,0,0,1,1,1
289,Helmet 02 Barbarian Black,这是Helmet 02 Barbarian Black,Helmet 02 Barbarian Black,Helmet 02 Barbarian Black,0,Head,15,0,25,0.5,1,0,0,0,1,1,1
290,Helmet 02 Barbarian Blue,这是Helmet 02 Barbarian Blue,Helmet 02 Barbarian Blue,Helmet 02 Barbarian Blue,0,Head,15,0,25,0.5,1,0,0,0,1,1,1
291,Helmet 02 Barbarian Brown,这是Helmet 02 Barbarian Brown,Helmet 02 Barbarian Brown,Helmet 02 Barbarian Brown,0,Head,15,0,25,0.5,1,0,0,0,1,1,1
292,Helmet 02 Barbarian Green,这是Helmet 02 Barbarian Green,Helmet 02 Barbarian Green,Helmet 02 Barbarian Green,0,Head,15,0,25,0.5,1,0,0,0,1,1,2
293,Helmet 02 Barbarian Purple,这是Helmet 02 Barbarian Purple,Helmet 02 Barbarian Purple,Helmet 02 Barbarian Purple,0,Head,15,0,25,0.5,1,0,0,0,1,1,4
294,Helmet 03 Black,这是Helmet 03 Black,Helmet 03 Black,Helmet 03 Black,0,Head,15,0,25,0.5,1,0,0,0,1,1,1
295,Helmet 03 Blue,这是Helmet 03 Blue,Helmet 03 Blue,Helmet 03 Blue,0,Head,15,0,25,0.5,1,0,0,0,1,1,1
296,Helmet 03 Brown,这是Helmet 03 Brown,Helmet 03 Brown,Helmet 03 Brown,0,Head,15,0,25,0.5,1,0,0,0,1,1,1
297,Helmet 03 Green,这是Helmet 03 Green,Helmet 03 Green,Helmet 03 Green,0,Head,15,0,25,0.5,1,0,0,0,1,1,2
298,Helmet 03 Purple,这是Helmet 03 Purple,Helmet 03 Purple,Helmet 03 Purple,0,Head,15,0,25,0.5,1,0,0,0,1,1,4
299,Helmet 04 Pumpkin,这是Helmet 04 Pumpkin,Helmet 04 Pumpkin,Helmet 04 Pumpkin,0,Head,15,0,25,0.5,1,0,0,0,1,1,1
300,Helmet 05 Black,这是Helmet 05 Black,Helmet 05 Black,Helmet 05 Black,0,Head,15,0,25,0.5,1,0,0,0,1,1,1
301,Helmet 05 Blue,这是Helmet 05 Blue,Helmet 05 Blue,Helmet 05 Blue,0,Head,15,0,25,0.5,1,0,0,0,1,1,1
302,Helmet 05 Brown,这是Helmet 05 Brown,Helmet 05 Brown,Helmet 05 Brown,0,Head,15,0,25,0.5,1,0,0,0,1,1,1
303,Helmet 05 Cyan,这是Helmet 05 Cyan,Helmet 05 Cyan,Helmet 05 Cyan,0,Head,15,0,25,0.5,1,0,0,0,1,1,1
304,Helmet 05 Green,这是Helmet 05 Green,Helmet 05 Green,Helmet 05 Green,0,Head,15,0,25,0.5,1,0,0,0,1,1,2
305,Helmet 05 Purple,这是Helmet 05 Purple,Helmet 05 Purple,Helmet 05 Purple,0,Head,15,0,25,0.5,1,0,0,0,1,1,4
306,Helmet 05 Red,这是Helmet 05 Red,Helmet 05 Red,Helmet 05 Red,0,Head,15,0,25,0.5,1,0,0,0,1,1,6
307,Helmet 05 White,这是Helmet 05 White,Helmet 05 White,Helmet 05 White,0,Head,15,0,25,0.5,1,0,0,0,1,1,1
308,Helmet 06 Black,这是Helmet 06 Black,Helmet 06 Black,Helmet 06 Black,0,Head,15,0,25,0.5,1,0,0,0,1,1,1
309,Helmet 06 Blue,这是Helmet 06 Blue,Helmet 06 Blue,Helmet 06 Blue,0,Head,15,0,25,0.5,1,0,0,0,1,1,1
310,Helmet 06 Brown,这是Helmet 06 Brown,Helmet 06 Brown,Helmet 06 Brown,0,Head,15,0,25,0.5,1,0,0,0,1,1,1
311,Helmet 06 Green,这是Helmet 06 Green,Helmet 06 Green,Helmet 06 Green,0,Head,15,0,25,0.5,1,0,0,0,1,1,2
312,Helmet 06 Magenta,这是Helmet 06 Magenta,Helmet 06 Magenta,Helmet 06 Magenta,0,Head,15,0,25,0.5,1,0,0,0,1,1,1
313,Helmet 06 Purple,这是Helmet 06 Purple,Helmet 06 Purple,Helmet 06 Purple,0,Head,15,0,25,0.5,1,0,0,0,1,1,4
314,Helmet 06 Red,这是Helmet 06 Red,Helmet 06 Red,Helmet 06 Red,0,Head,15,0,25,0.5,1,0,0,0,1,1,6
315,Helmet 06 White,这是Helmet 06 White,Helmet 06 White,Helmet 06 White,0,Head,15,0,25,0.5,1,0,0,0,1,1,1
316,Helmet 07 Black,这是Helmet 07 Black,Helmet 07 Black,Helmet 07 Black,0,Head,15,0,25,0.5,1,0,0,0,1,1,1
317,Helmet 07 Blue,这是Helmet 07 Blue,Helmet 07 Blue,Helmet 07 Blue,0,Head,15,0,25,0.5,1,0,0,0,1,1,1
318,Helmet 07 Brown,这是Helmet 07 Brown,Helmet 07 Brown,Helmet 07 Brown,0,Head,15,0,25,0.5,1,0,0,0,1,1,1
319,Helmet 07 Green,这是Helmet 07 Green,Helmet 07 Green,Helmet 07 Green,0,Head,15,0,25,0.5,1,0,0,0,1,1,2
320,Helmet 07 Magenta,这是Helmet 07 Magenta,Helmet 07 Magenta,Helmet 07 Magenta,0,Head,15,0,25,0.5,1,0,0,0,1,1,1
321,Helmet 07 Purple,这是Helmet 07 Purple,Helmet 07 Purple,Helmet 07 Purple,0,Head,15,0,25,0.5,1,0,0,0,1,1,4
322,Helmet 07 Red,这是Helmet 07 Red,Helmet 07 Red,Helmet 07 Red,0,Head,15,0,25,0.5,1,0,0,0,1,1,6
323,Helmet 07 White,这是Helmet 07 White,Helmet 07 White,Helmet 07 White,0,Head,15,0,25,0.5,1,0,0,0,1,1,1
324,Helmet 08 Black,这是Helmet 08 Black,Helmet 08 Black,Helmet 08 Black,0,Head,15,0,25,0.5,1,0,0,0,1,1,1
325,Helmet 08 Blue,这是Helmet 08 Blue,Helmet 08 Blue,Helmet 08 Blue,0,Head,15,0,25,0.5,1,0,0,0,1,1,1
326,Helmet 08 Brown,这是Helmet 08 Brown,Helmet 08 Brown,Helmet 08 Brown,0,Head,15,0,25,0.5,1,0,0,0,1,1,1
327,Helmet 08 Green,这是Helmet 08 Green,Helmet 08 Green,Helmet 08 Green,0,Head,15,0,25,0.5,1,0,0,0,1,1,2
328,Helmet 08 Magenta,这是Helmet 08 Magenta,Helmet 08 Magenta,Helmet 08 Magenta,0,Head,15,0,25,0.5,1,0,0,0,1,1,1
329,Helmet 08 Purple,这是Helmet 08 Purple,Helmet 08 Purple,Helmet 08 Purple,0,Head,15,0,25,0.5,1,0,0,0,1,1,4
330,Helmet 08 Red,这是Helmet 08 Red,Helmet 08 Red,Helmet 08 Red,0,Head,15,0,25,0.5,1,0,0,0,1,1,6
331,Helmet 08 White,这是Helmet 08 White,Helmet 08 White,Helmet 08 White,0,Head,15,0,25,0.5,1,0,0,0,1,1,1
332,Helmet 09 Black,这是Helmet 09 Black,Helmet 09 Black,Helmet 09 Black,0,Head,15,0,25,0.5,1,0,0,0,1,1,1
333,Helmet 09 Blue,这是Helmet 09 Blue,Helmet 09 Blue,Helmet 09 Blue,0,Head,15,0,25,0.5,1,0,0,0,1,1,1
334,Helmet 09 Brown,这是Helmet 09 Brown,Helmet 09 Brown,Helmet 09 Brown,0,Head,15,0,25,0.5,1,0,0,0,1,1,1
335,Helmet 09 Green,这是Helmet 09 Green,Helmet 09 Green,Helmet 09 Green,0,Head,15,0,25,0.5,1,0,0,0,1,1,2
336,Helmet 09 Magenta,这是Helmet 09 Magenta,Helmet 09 Magenta,Helmet 09 Magenta,0,Head,15,0,25,0.5,1,0,0,0,1,1,1
337,Helmet 09 Purple,这是Helmet 09 Purple,Helmet 09 Purple,Helmet 09 Purple,0,Head,15,0,25,0.5,1,0,0,0,1,1,4
338,Helmet 09 Red,这是Helmet 09 Red,Helmet 09 Red,Helmet 09 Red,0,Head,15,0,25,0.5,1,0,0,0,1,1,6
339,Helmet 09 White,这是Helmet 09 White,Helmet 09 White,Helmet 09 White,0,Head,15,0,25,0.5,1,0,0,0,1,1,1
340,Helmet 10 Black,这是Helmet 10 Black,Helmet 10 Black,Helmet 10 Black,0,Head,15,0,25,0.5,1,0,0,0,1,1,1
341,Helmet 10 Blue,这是Helmet 10 Blue,Helmet 10 Blue,Helmet 10 Blue,0,Head,15,0,25,0.5,1,0,0,0,1,1,1
342,Helmet 10 Brown,这是Helmet 10 Brown,Helmet 10 Brown,Helmet 10 Brown,0,Head,15,0,25,0.5,1,0,0,0,1,1,1
343,Helmet 10 Green,这是Helmet 10 Green,Helmet 10 Green,Helmet 10 Green,0,Head,15,0,25,0.5,1,0,0,0,1,1,2
344,Helmet 10 Magenta,这是Helmet 10 Magenta,Helmet 10 Magenta,Helmet 10 Magenta,0,Head,15,0,25,0.5,1,0,0,0,1,1,1
345,Helmet 10 Purple,这是Helmet 10 Purple,Helmet 10 Purple,Helmet 10 Purple,0,Head,15,0,25,0.5,1,0,0,0,1,1,4
346,Helmet 10 Red,这是Helmet 10 Red,Helmet 10 Red,Helmet 10 Red,0,Head,15,0,25,0.5,1,0,0,0,1,1,6
347,Helmet 10 White,这是Helmet 10 White,Helmet 10 White,Helmet 10 White,0,Head,15,0,25,0.5,1,0,0,0,1,1,1
348,Horn 01 Front Black,这是Horn 01 Front Black,Horn 01 Front Black,Horn 01 Front Black,0,Head,15,0,25,0.5,1,0,0,0,1,1,1
349,Horn 01 Front Red,这是Horn 01 Front Red,Horn 01 Front Red,Horn 01 Front Red,0,Head,15,0,25,0.5,1,0,0,0,1,1,6
350,Horn 01 Front White,这是Horn 01 Front White,Horn 01 Front White,Horn 01 Front White,0,Head,15,0,25,0.5,1,0,0,0,1,1,1
351,Horn 02 Side Black Blue,这是Horn 02 Side Black Blue,Horn 02 Side Black Blue,Horn 02 Side Black Blue,0,Head,15,0,25,0.5,1,0,0,0,1,1,1
352,Horn 02 Side Black Green,这是Horn 02 Side Black Green,Horn 02 Side Black Green,Horn 02 Side Black Green,0,Head,15,0,25,0.5,1,0,0,0,1,1,2
353,Horn 02 Side Black Orange,这是Horn 02 Side Black Orange,Horn 02 Side Black Orange,Horn 02 Side Black Orange,0,Head,15,0,25,0.5,1,0,0,0,1,1,1
354,Horn 02 Side Black Purple,这是Horn 02 Side Black Purple,Horn 02 Side Black Purple,Horn 02 Side Black Purple,0,Head,15,0,25,0.5,1,0,0,0,1,1,4
355,Horn 02 Side Black Red,这是Horn 02 Side Black Red,Horn 02 Side Black Red,Horn 02 Side Black Red,0,Head,15,0,25,0.5,1,0,0,0,1,1,6
356,Horn 02 Side Green Green,这是Horn 02 Side Green Green,Horn 02 Side Green Green,Horn 02 Side Green Green,0,Head,15,0,25,0.5,1,0,0,0,1,1,2
357,Horn 02 Side Red Yellow,这是Horn 02 Side Red Yellow,Horn 02 Side Red Yellow,Horn 02 Side Red Yellow,0,Head,15,0,25,0.5,1,0,0,0,1,1,6
358,Horn 02 Side White,这是Horn 02 Side White,Horn 02 Side White,Horn 02 Side White,0,Head,15,0,25,0.5,1,0,0,0,1,1,1
359,Horn 02 Side Yellow,这是Horn 02 Side Yellow,Horn 02 Side Yellow,Horn 02 Side Yellow,0,Head,15,0,25,0.5,1,0,0,0,1,1,5
360,Horn 03 Blue,这是Horn 03 Blue,Horn 03 Blue,Horn 03 Blue,0,Head,15,0,25,0.5,1,0,0,0,1,1,1
361,Horn 03 Green,这是Horn 03 Green,Horn 03 Green,Horn 03 Green,0,Head,15,0,25,0.5,1,0,0,0,1,1,2
362,Horn 03 Purple,这是Horn 03 Purple,Horn 03 Purple,Horn 03 Purple,0,Head,15,0,25,0.5,1,0,0,0,1,1,4
363,Horn 03 Red,这是Horn 03 Red,Horn 03 Red,Horn 03 Red,0,Head,15,0,25,0.5,1,0,0,0,1,1,6
364,Horn 03 Yellow,这是Horn 03 Yellow,Horn 03 Yellow,Horn 03 Yellow,0,Head,15,0,25,0.5,1,0,0,0,1,1,5
365,Mask 01 Blue,这是Mask 01 Blue,Mask 01 Blue,Mask 01 Blue,0,Head,15,0,25,0.5,1,0,0,0,1,1,1
366,Mask 01 Brown,这是Mask 01 Brown,Mask 01 Brown,Mask 01 Brown,0,Head,15,0,25,0.5,1,0,0,0,1,1,1
367,Mask 01 Green,这是Mask 01 Green,Mask 01 Green,Mask 01 Green,0,Head,15,0,25,0.5,1,0,0,0,1,1,2
368,Mask 01 Purple,这是Mask 01 Purple,Mask 01 Purple,Mask 01 Purple,0,Head,15,0,25,0.5,1,0,0,0,1,1,4
369,Mask 01 Red,这是Mask 01 Red,Mask 01 Red,Mask 01 Red,0,Head,15,0,25,0.5,1,0,0,0,1,1,6
370,Mask 02 Blue,这是Mask 02 Blue,Mask 02 Blue,Mask 02 Blue,0,Head,15,0,25,0.5,1,0,0,0,1,1,1
371,Mask 02 Purple,这是Mask 02 Purple,Mask 02 Purple,Mask 02 Purple,0,Head,15,0,25,0.5,1,0,0,0,1,1,4
372,Mask 02 Red,这是Mask 02 Red,Mask 02 Red,Mask 02 Red,0,Head,15,0,25,0.5,1,0,0,0,1,1,6
373,Mask 02 Yellow,这是Mask 02 Yellow,Mask 02 Yellow,Mask 02 Yellow,0,Head,15,0,25,0.5,1,0,0,0,1,1,5
374,Mask 03 Blue,这是Mask 03 Blue,Mask 03 Blue,Mask 03 Blue,0,Head,15,0,25,0.5,1,0,0,0,1,1,1
375,Mask 03 Green,这是Mask 03 Green,Mask 03 Green,Mask 03 Green,0,Head,15,0,25,0.5,1,0,0,0,1,1,2
376,Mask 03 Purple,这是Mask 03 Purple,Mask 03 Purple,Mask 03 Purple,0,Head,15,0,25,0.5,1,0,0,0,1,1,4
377,Mask 03 Red,这是Mask 03 Red,Mask 03 Red,Mask 03 Red,0,Head,15,0,25,0.5,1,0,0,0,1,1,6
378,Mask 03 Yellow,这是Mask 03 Yellow,Mask 03 Yellow,Mask 03 Yellow,0,Head,15,0,25,0.5,1,0,0,0,1,1,5
379,Antlers Blue,这是Antlers Blue,Antlers Blue,Antlers Blue,0,Head,15,0,25,0.5,1,0,0,0,1,1,1
380,Antlers Dark,这是Antlers Dark,Antlers Dark,Antlers Dark,0,Head,15,0,25,0.5,1,0,0,0,1,1,1
381,Antlers Green,这是Antlers Green,Antlers Green,Antlers Green,0,Head,15,0,25,0.5,1,0,0,0,1,1,2
382,Antlers Light,这是Antlers Light,Antlers Light,Antlers Light,0,Head,15,0,25,0.5,1,0,0,0,1,1,1
383,Antlers Purple,这是Antlers Purple,Antlers Purple,Antlers Purple,0,Head,15,0,25,0.5,1,0,0,0,1,1,4
384,Antlers Red,这是Antlers Red,Antlers Red,Antlers Red,0,Head,15,0,25,0.5,1,0,0,0,1,1,6
385,Halo 01,这是Halo 01,Halo 01,Halo 01,0,Head,15,0,25,0.5,1,0,0,0,1,1,1
386,Hood 01 Black,这是Hood 01 Black,Hood 01 Black,Hood 01 Black,0,Head,15,0,25,0.5,1,0,0,0,1,1,1
387,Hood 01 Blue,这是Hood 01 Blue,Hood 01 Blue,Hood 01 Blue,0,Head,15,0,25,0.5,1,0,0,0,1,1,1
388,Hood 01 Brown,这是Hood 01 Brown,Hood 01 Brown,Hood 01 Brown,0,Head,15,0,25,0.5,1,0,0,0,1,1,1
389,Hood 01 Green,这是Hood 01 Green,Hood 01 Green,Hood 01 Green,0,Head,15,0,25,0.5,1,0,0,0,1,1,2
390,Hood 01 Magenta,这是Hood 01 Magenta,Hood 01 Magenta,Hood 01 Magenta,0,Head,15,0,25,0.5,1,0,0,0,1,1,1
391,Hood 01 Purple,这是Hood 01 Purple,Hood 01 Purple,Hood 01 Purple,0,Head,15,0,25,0.5,1,0,0,0,1,1,4
392,Hood 01 Red,这是Hood 01 Red,Hood 01 Red,Hood 01 Red,0,Head,15,0,25,0.5,1,0,0,0,1,1,6
393,Hood 01 White,这是Hood 01 White,Hood 01 White,Hood 01 White,0,Head,15,0,25,0.5,1,0,0,0,1,1,1
394,Jaw 01 Black,这是Jaw 01 Black,Jaw 01 Black,Jaw 01 Black,0,Head,15,0,25,0.5,1,0,0,0,1,1,1
395,Jaw 01 Blue,这是Jaw 01 Blue,Jaw 01 Blue,Jaw 01 Blue,0,Head,15,0,25,0.5,1,0,0,0,1,1,1
396,Jaw 01 Green,这是Jaw 01 Green,Jaw 01 Green,Jaw 01 Green,0,Head,15,0,25,0.5,1,0,0,0,1,1,2
397,Jaw 01 Purple,这是Jaw 01 Purple,Jaw 01 Purple,Jaw 01 Purple,0,Head,15,0,25,0.5,1,0,0,0,1,1,4
398,Jaw 01 Red,这是Jaw 01 Red,Jaw 01 Red,Jaw 01 Red,0,Head,15,0,25,0.5,1,0,0,0,1,1,6
399,Jacket 01 Black,这是Jacket 01 Black,Jacket 01 Black,Jacket 01 Black,2,Chest,15,0,25,0.5,1,0,0,0,1,1,1
400,Jacket 01 Blue,这是Jacket 01 Blue,Jacket 01 Blue,Jacket 01 Blue,2,Chest,15,0,25,0.5,1,0,0,0,1,1,1
401,Jacket 01 Green,这是Jacket 01 Green,Jacket 01 Green,Jacket 01 Green,2,Chest,15,0,25,0.5,1,0,0,0,1,1,2
402,Jacket 01 Magenta,这是Jacket 01 Magenta,Jacket 01 Magenta,Jacket 01 Magenta,2,Chest,15,0,25,0.5,1,0,0,0,1,1,1
403,Jacket 01 Purple,这是Jacket 01 Purple,Jacket 01 Purple,Jacket 01 Purple,2,Chest,15,0,25,0.5,1,0,0,0,1,1,4
404,Jacket 01 Red,这是Jacket 01 Red,Jacket 01 Red,Jacket 01 Red,2,Chest,15,0,25,0.5,1,0,0,0,1,1,6
405,Jacket 01 White,这是Jacket 01 White,Jacket 01 White,Jacket 01 White,2,Chest,15,0,25,0.5,1,0,0,0,1,1,1
406,Jacket 01 Yellow,这是Jacket 01 Yellow,Jacket 01 Yellow,Jacket 01 Yellow,2,Chest,15,0,25,0.5,1,0,0,0,1,1,5
407,FX Flies,这是FX Flies,FX Flies,FX Flies,2,Chest,15,0,25,0.5,1,0,0,0,1,1,1
408,FX Spinning Leaves,这是FX Spinning Leaves,FX Spinning Leaves,FX Spinning Leaves,2,Chest,15,0,25,0.5,1,0,0,0,1,1,1
409,FX Spinning Petals,这是FX Spinning Petals,FX Spinning Petals,FX Spinning Petals,2,Chest,15,0,25,0.5,1,0,0,0,1,1,1
410,FX Spinning Snowflakes,这是FX Spinning Snowflakes,FX Spinning Snowflakes,FX Spinning Snowflakes,2,Chest,15,0,25,0.5,1,0,0,0,1,1,1
411,FX Spinning Sparks,这是FX Spinning Sparks,FX Spinning Sparks,FX Spinning Sparks,2,Chest,15,0,25,0.5,1,0,0,0,1,1,1
412,Axe 01,这是Axe 01,Axe 01,Axe 01,4,Right,15,0,25,0.5,1,0,0,0,1,1,1
413,Axe 02 Blue,这是Axe 02 Blue,Axe 02 Blue,Axe 02 Blue,4,Right,15,0,25,0.5,1,0,0,0,1,1,1
414,Axe 02 Green,这是Axe 02 Green,Axe 02 Green,Axe 02 Green,4,Right,15,0,25,0.5,1,0,0,0,1,1,2
415,Axe 02 Purple,这是Axe 02 Purple,Axe 02 Purple,Axe 02 Purple,4,Right,15,0,25,0.5,1,0,0,0,1,1,4
416,Axe 02 Red,这是Axe 02 Red,Axe 02 Red,Axe 02 Red,4,Right,15,0,25,0.5,1,0,0,0,1,1,6
417,Axe 03 Blue,这是Axe 03 Blue,Axe 03 Blue,Axe 03 Blue,4,Right,15,0,25,0.5,1,0,0,0,1,1,1
418,Axe 03 Green,这是Axe 03 Green,Axe 03 Green,Axe 03 Green,4,Right,15,0,25,0.5,1,0,0,0,1,1,2
419,Axe 03 Purple,这是Axe 03 Purple,Axe 03 Purple,Axe 03 Purple,4,Right,15,0,25,0.5,1,0,0,0,1,1,4
420,Axe 03 Red,这是Axe 03 Red,Axe 03 Red,Axe 03 Red,4,Right,15,0,25,0.5,1,0,0,0,1,1,6
421,Club 01,这是Club 01,Club 01,Club 01,4,Right,15,0,25,0.5,1,0,0,0,1,1,1
422,Club 02 Blue,这是Club 02 Blue,Club 02 Blue,Club 02 Blue,4,Right,15,0,25,0.5,1,0,0,0,1,1,1
423,Club 02 Green,这是Club 02 Green,Club 02 Green,Club 02 Green,4,Right,15,0,25,0.5,1,0,0,0,1,1,2
424,Club 02 Purple,这是Club 02 Purple,Club 02 Purple,Club 02 Purple,4,Right,15,0,25,0.5,1,0,0,0,1,1,4
425,Club 02 Red,这是Club 02 Red,Club 02 Red,Club 02 Red,4,Right,15,0,25,0.5,1,0,0,0,1,1,6
426,Club 03 Blue,这是Club 03 Blue,Club 03 Blue,Club 03 Blue,4,Right,15,0,25,0.5,1,0,0,0,1,1,1
427,Club 03 Green,这是Club 03 Green,Club 03 Green,Club 03 Green,4,Right,15,0,25,0.5,1,0,0,0,1,1,2
428,Club 03 Purple,这是Club 03 Purple,Club 03 Purple,Club 03 Purple,4,Right,15,0,25,0.5,1,0,0,0,1,1,4
429,Club 03 Red,这是Club 03 Red,Club 03 Red,Club 03 Red,4,Right,15,0,25,0.5,1,0,0,0,1,1,6
430,Club 03 White,这是Club 03 White,Club 03 White,Club 03 White,4,Right,15,0,25,0.5,1,0,0,0,1,1,1
431,Dagger 01 Blue,这是Dagger 01 Blue,Dagger 01 Blue,Dagger 01 Blue,4,Right,15,0,25,0.5,1,0,0,0,1,1,1
432,Dagger 01 Green,这是Dagger 01 Green,Dagger 01 Green,Dagger 01 Green,4,Right,15,0,25,0.5,1,0,0,0,1,1,2
433,Dagger 01 Purple,这是Dagger 01 Purple,Dagger 01 Purple,Dagger 01 Purple,4,Right,15,0,25,0.5,1,0,0,0,1,1,4
434,Dagger 01 Red,这是Dagger 01 Red,Dagger 01 Red,Dagger 01 Red,4,Right,15,0,25,0.5,1,0,0,0,1,1,6
435,Dagger 02 Blue,这是Dagger 02 Blue,Dagger 02 Blue,Dagger 02 Blue,4,Right,15,0,25,0.5,1,0,0,0,1,1,1
436,Dagger 02 Green,这是Dagger 02 Green,Dagger 02 Green,Dagger 02 Green,4,Right,15,0,25,0.5,1,0,0,0,1,1,2
437,Dagger 02 Purple,这是Dagger 02 Purple,Dagger 02 Purple,Dagger 02 Purple,4,Right,15,0,25,0.5,1,0,0,0,1,1,4
438,Dagger 02 Red,这是Dagger 02 Red,Dagger 02 Red,Dagger 02 Red,4,Right,15,0,25,0.5,1,0,0,0,1,1,6
439,Dagger 03 Black,这是Dagger 03 Black,Dagger 03 Black,Dagger 03 Black,4,Right,15,0,25,0.5,1,0,0,0,1,1,1
440,Dagger 03 Blue,这是Dagger 03 Blue,Dagger 03 Blue,Dagger 03 Blue,4,Right,15,0,25,0.5,1,0,0,0,1,1,1
441,Dagger 03 Green,这是Dagger 03 Green,Dagger 03 Green,Dagger 03 Green,4,Right,15,0,25,0.5,1,0,0,0,1,1,2
442,Dagger 03 Magenta,这是Dagger 03 Magenta,Dagger 03 Magenta,Dagger 03 Magenta,4,Right,15,0,25,0.5,1,0,0,0,1,1,1
443,Dagger 03 Purple,这是Dagger 03 Purple,Dagger 03 Purple,Dagger 03 Purple,4,Right,15,0,25,0.5,1,0,0,0,1,1,4
444,Dagger 03 Red,这是Dagger 03 Red,Dagger 03 Red,Dagger 03 Red,4,Right,15,0,25,0.5,1,0,0,0,1,1,6
445,Dagger 03 White,这是Dagger 03 White,Dagger 03 White,Dagger 03 White,4,Right,15,0,25,0.5,1,0,0,0,1,1,1
446,Dagger 03 Yellow,这是Dagger 03 Yellow,Dagger 03 Yellow,Dagger 03 Yellow,4,Right,15,0,25,0.5,1,0,0,0,1,1,5
447,Hammer 01 Black,这是Hammer 01 Black,Hammer 01 Black,Hammer 01 Black,4,Right,15,0,25,0.5,1,0,0,0,1,1,1
448,Hammer 01 Blue,这是Hammer 01 Blue,Hammer 01 Blue,Hammer 01 Blue,4,Right,15,0,25,0.5,1,0,0,0,1,1,1
449,Hammer 01 Green,这是Hammer 01 Green,Hammer 01 Green,Hammer 01 Green,4,Right,15,0,25,0.5,1,0,0,0,1,1,2
450,Hammer 01 Magenta,这是Hammer 01 Magenta,Hammer 01 Magenta,Hammer 01 Magenta,4,Right,15,0,25,0.5,1,0,0,0,1,1,1
451,Hammer 01 Purple,这是Hammer 01 Purple,Hammer 01 Purple,Hammer 01 Purple,4,Right,15,0,25,0.5,1,0,0,0,1,1,4
452,Hammer 01 Red,这是Hammer 01 Red,Hammer 01 Red,Hammer 01 Red,4,Right,15,0,25,0.5,1,0,0,0,1,1,6
453,Hammer 01 White,这是Hammer 01 White,Hammer 01 White,Hammer 01 White,4,Right,15,0,25,0.5,1,0,0,0,1,1,1
454,Hammer 01 Yellow,这是Hammer 01 Yellow,Hammer 01 Yellow,Hammer 01 Yellow,4,Right,15,0,25,0.5,1,0,0,0,1,1,5
455,Hammer 02 Black,这是Hammer 02 Black,Hammer 02 Black,Hammer 02 Black,4,Right,15,0,25,0.5,1,0,0,0,1,1,1
456,Hammer 02 Blue,这是Hammer 02 Blue,Hammer 02 Blue,Hammer 02 Blue,4,Right,15,0,25,0.5,1,0,0,0,1,1,1
457,Hammer 02 Green,这是Hammer 02 Green,Hammer 02 Green,Hammer 02 Green,4,Right,15,0,25,0.5,1,0,0,0,1,1,2
458,Hammer 02 Magenta,这是Hammer 02 Magenta,Hammer 02 Magenta,Hammer 02 Magenta,4,Right,15,0,25,0.5,1,0,0,0,1,1,1
459,Hammer 02 Purple,这是Hammer 02 Purple,Hammer 02 Purple,Hammer 02 Purple,4,Right,15,0,25,0.5,1,0,0,0,1,1,4
460,Hammer 02 Red,这是Hammer 02 Red,Hammer 02 Red,Hammer 02 Red,4,Right,15,0,25,0.5,1,0,0,0,1,1,6
461,Hammer 02 Yellow,这是Hammer 02 Yellow,Hammer 02 Yellow,Hammer 02 Yellow,4,Right,15,0,25,0.5,1,0,0,0,1,1,5
462,Hammer 03 Black,这是Hammer 03 Black,Hammer 03 Black,Hammer 03 Black,4,Right,15,0,25,0.5,1,0,0,0,1,1,1
463,Hammer 03 Blue,这是Hammer 03 Blue,Hammer 03 Blue,Hammer 03 Blue,4,Right,15,0,25,0.5,1,0,0,0,1,1,1
464,Hammer 03 Green,这是Hammer 03 Green,Hammer 03 Green,Hammer 03 Green,4,Right,15,0,25,0.5,1,0,0,0,1,1,2
465,Hammer 03 Magenta,这是Hammer 03 Magenta,Hammer 03 Magenta,Hammer 03 Magenta,4,Right,15,0,25,0.5,1,0,0,0,1,1,1
466,Hammer 03 Purple,这是Hammer 03 Purple,Hammer 03 Purple,Hammer 03 Purple,4,Right,15,0,25,0.5,1,0,0,0,1,1,4
467,Hammer 03 Red,这是Hammer 03 Red,Hammer 03 Red,Hammer 03 Red,4,Right,15,0,25,0.5,1,0,0,0,1,1,6
468,Hammer 03 White,这是Hammer 03 White,Hammer 03 White,Hammer 03 White,4,Right,15,0,25,0.5,1,0,0,0,1,1,1
469,Hammer 03 Yellow,这是Hammer 03 Yellow,Hammer 03 Yellow,Hammer 03 Yellow,4,Right,15,0,25,0.5,1,0,0,0,1,1,5
470,Mace 01 Black,这是Mace 01 Black,Mace 01 Black,Mace 01 Black,4,Right,15,0,25,0.5,1,0,0,0,1,1,1
471,Mace 01 Blue,这是Mace 01 Blue,Mace 01 Blue,Mace 01 Blue,4,Right,15,0,25,0.5,1,0,0,0,1,1,1
472,Mace 01 Green,这是Mace 01 Green,Mace 01 Green,Mace 01 Green,4,Right,15,0,25,0.5,1,0,0,0,1,1,2
473,Mace 01 Purple,这是Mace 01 Purple,Mace 01 Purple,Mace 01 Purple,4,Right,15,0,25,0.5,1,0,0,0,1,1,4
474,Mace 01 Red,这是Mace 01 Red,Mace 01 Red,Mace 01 Red,4,Right,15,0,25,0.5,1,0,0,0,1,1,6
475,Mace 01 Yellow,这是Mace 01 Yellow,Mace 01 Yellow,Mace 01 Yellow,4,Right,15,0,25,0.5,1,0,0,0,1,1,5
476,Mace 02 Black,这是Mace 02 Black,Mace 02 Black,Mace 02 Black,4,Right,15,0,25,0.5,1,0,0,0,1,1,1
477,Mace 02 Blue,这是Mace 02 Blue,Mace 02 Blue,Mace 02 Blue,4,Right,15,0,25,0.5,1,0,0,0,1,1,1
478,Mace 02 Fire,这是Mace 02 Fire,Mace 02 Fire,Mace 02 Fire,4,Right,15,0,25,0.5,1,0,0,0,1,1,1
479,Mace 02 Green,这是Mace 02 Green,Mace 02 Green,Mace 02 Green,4,Right,15,0,25,0.5,1,0,0,0,1,1,2
480,Mace 02 Ice,这是Mace 02 Ice,Mace 02 Ice,Mace 02 Ice,4,Right,15,0,25,0.5,1,0,0,0,1,1,1
481,Mace 02 Poison,这是Mace 02 Poison,Mace 02 Poison,Mace 02 Poison,4,Right,15,0,25,0.5,1,0,0,0,1,1,1
482,Mace 02 Purple,这是Mace 02 Purple,Mace 02 Purple,Mace 02 Purple,4,Right,15,0,25,0.5,1,0,0,0,1,1,4
483,Mace 02 Red,这是Mace 02 Red,Mace 02 Red,Mace 02 Red,4,Right,15,0,25,0.5,1,0,0,0,1,1,6
484,Mace 02 Yellow,这是Mace 02 Yellow,Mace 02 Yellow,Mace 02 Yellow,4,Right,15,0,25,0.5,1,0,0,0,1,1,5
485,Peasant Tool 01 Rake,这是Peasant Tool 01 Rake,Peasant Tool 01 Rake,Peasant Tool 01 Rake,4,Right,15,0,25,0.5,1,0,0,0,1,1,1
486,Peasant Tool 02 Hammer,这是Peasant Tool 02 Hammer,Peasant Tool 02 Hammer,Peasant Tool 02 Hammer,4,Right,15,0,25,0.5,1,0,0,0,1,1,1
487,Peasant Tool 03 Axe,这是Peasant Tool 03 Axe,Peasant Tool 03 Axe,Peasant Tool 03 Axe,4,Right,15,0,25,0.5,1,0,0,0,1,1,1
488,Peasant Tool 04 Scyth,这是Peasant Tool 04 Scyth,Peasant Tool 04 Scyth,Peasant Tool 04 Scyth,4,Right,15,0,25,0.5,1,0,0,0,1,1,1
489,Scepter 01 Black,这是Scepter 01 Black,Scepter 01 Black,Scepter 01 Black,4,Right,15,0,25,0.5,1,0,0,0,1,1,1
490,Scepter 01 Blue,这是Scepter 01 Blue,Scepter 01 Blue,Scepter 01 Blue,4,Right,15,0,25,0.5,1,0,0,0,1,1,1
491,Scepter 01 Green,这是Scepter 01 Green,Scepter 01 Green,Scepter 01 Green,4,Right,15,0,25,0.5,1,0,0,0,1,1,2
492,Scepter 01 Magenta,这是Scepter 01 Magenta,Scepter 01 Magenta,Scepter 01 Magenta,4,Right,15,0,25,0.5,1,0,0,0,1,1,1
493,Scepter 01 Purple,这是Scepter 01 Purple,Scepter 01 Purple,Scepter 01 Purple,4,Right,15,0,25,0.5,1,0,0,0,1,1,4
494,Scepter 01 Red,这是Scepter 01 Red,Scepter 01 Red,Scepter 01 Red,4,Right,15,0,25,0.5,1,0,0,0,1,1,6
495,Scepter 01 White,这是Scepter 01 White,Scepter 01 White,Scepter 01 White,4,Right,15,0,25,0.5,1,0,0,0,1,1,1
496,Scepter 01 Yellow,这是Scepter 01 Yellow,Scepter 01 Yellow,Scepter 01 Yellow,4,Right,15,0,25,0.5,1,0,0,0,1,1,5
497,Scythe 01 Black,这是Scythe 01 Black,Scythe 01 Black,Scythe 01 Black,4,Right,15,0,25,0.5,1,0,0,0,1,1,1
498,Scythe 01 Blue,这是Scythe 01 Blue,Scythe 01 Blue,Scythe 01 Blue,4,Right,15,0,25,0.5,1,0,0,0,1,1,1
499,Scythe 01 Green,这是Scythe 01 Green,Scythe 01 Green,Scythe 01 Green,4,Right,15,0,25,0.5,1,0,0,0,1,1,2
500,Scythe 01 Magenta,这是Scythe 01 Magenta,Scythe 01 Magenta,Scythe 01 Magenta,4,Right,15,0,25,0.5,1,0,0,0,1,1,1
501,Scythe 01 Purple,这是Scythe 01 Purple,Scythe 01 Purple,Scythe 01 Purple,4,Right,15,0,25,0.5,1,0,0,0,1,1,4
502,Scythe 01 Red,这是Scythe 01 Red,Scythe 01 Red,Scythe 01 Red,4,Right,15,0,25,0.5,1,0,0,0,1,1,6
503,Scythe 01 White,这是Scythe 01 White,Scythe 01 White,Scythe 01 White,4,Right,15,0,25,0.5,1,0,0,0,1,1,1
504,Scythe 01 Yellow,这是Scythe 01 Yellow,Scythe 01 Yellow,Scythe 01 Yellow,4,Right,15,0,25,0.5,1,0,0,0,1,1,5
505,Scythe 02 Blue,这是Scythe 02 Blue,Scythe 02 Blue,Scythe 02 Blue,4,Right,15,0,25,0.5,1,0,0,0,1,1,1
506,Scythe 02 Green,这是Scythe 02 Green,Scythe 02 Green,Scythe 02 Green,4,Right,15,0,25,0.5,1,0,0,0,1,1,2
507,Scythe 02 Magenta,这是Scythe 02 Magenta,Scythe 02 Magenta,Scythe 02 Magenta,4,Right,15,0,25,0.5,1,0,0,0,1,1,1
508,Scythe 02 Purple,这是Scythe 02 Purple,Scythe 02 Purple,Scythe 02 Purple,4,Right,15,0,25,0.5,1,0,0,0,1,1,4
509,Scythe 02 Red,这是Scythe 02 Red,Scythe 02 Red,Scythe 02 Red,4,Right,15,0,25,0.5,1,0,0,0,1,1,6
510,Scythe 02 White,这是Scythe 02 White,Scythe 02 White,Scythe 02 White,4,Right,15,0,25,0.5,1,0,0,0,1,1,1
511,Scythe 02 Yellow,这是Scythe 02 Yellow,Scythe 02 Yellow,Scythe 02 Yellow,4,Right,15,0,25,0.5,1,0,0,0,1,1,5
512,Scythe 03 Black,这是Scythe 03 Black,Scythe 03 Black,Scythe 03 Black,4,Right,15,0,25,0.5,1,0,0,0,1,1,1
513,Scythe 03 Blue,这是Scythe 03 Blue,Scythe 03 Blue,Scythe 03 Blue,4,Right,15,0,25,0.5,1,0,0,0,1,1,1
514,Scythe 03 Green,这是Scythe 03 Green,Scythe 03 Green,Scythe 03 Green,4,Right,15,0,25,0.5,1,0,0,0,1,1,2
515,Scythe 03 Magenta,这是Scythe 03 Magenta,Scythe 03 Magenta,Scythe 03 Magenta,4,Right,15,0,25,0.5,1,0,0,0,1,1,1
516,Scythe 03 Purple,这是Scythe 03 Purple,Scythe 03 Purple,Scythe 03 Purple,4,Right,15,0,25,0.5,1,0,0,0,1,1,4
517,Scythe 03 Red,这是Scythe 03 Red,Scythe 03 Red,Scythe 03 Red,4,Right,15,0,25,0.5,1,0,0,0,1,1,6
518,Scythe 03 White,这是Scythe 03 White,Scythe 03 White,Scythe 03 White,4,Right,15,0,25,0.5,1,0,0,0,1,1,1
519,Scythe 03 Yellow,这是Scythe 03 Yellow,Scythe 03 Yellow,Scythe 03 Yellow,4,Right,15,0,25,0.5,1,0,0,0,1,1,5
520,Spear 01 Black,这是Spear 01 Black,Spear 01 Black,Spear 01 Black,4,Right,15,0,25,0.5,1,0,0,0,1,1,1
521,Spear 01 Blue,这是Spear 01 Blue,Spear 01 Blue,Spear 01 Blue,4,Right,15,0,25,0.5,1,0,0,0,1,1,1
522,Spear 01 Brown,这是Spear 01 Brown,Spear 01 Brown,Spear 01 Brown,4,Right,15,0,25,0.5,1,0,0,0,1,1,1
523,Spear 01 Green,这是Spear 01 Green,Spear 01 Green,Spear 01 Green,4,Right,15,0,25,0.5,1,0,0,0,1,1,2
524,Spear 01 Magenta,这是Spear 01 Magenta,Spear 01 Magenta,Spear 01 Magenta,4,Right,15,0,25,0.5,1,0,0,0,1,1,1
525,Spear 01 Purple,这是Spear 01 Purple,Spear 01 Purple,Spear 01 Purple,4,Right,15,0,25,0.5,1,0,0,0,1,1,4
526,Spear 01 Red,这是Spear 01 Red,Spear 01 Red,Spear 01 Red,4,Right,15,0,25,0.5,1,0,0,0,1,1,6
527,Spear 01 White,这是Spear 01 White,Spear 01 White,Spear 01 White,4,Right,15,0,25,0.5,1,0,0,0,1,1,1
528,Spear 02 Black,这是Spear 02 Black,Spear 02 Black,Spear 02 Black,4,Right,15,0,25,0.5,1,0,0,0,1,1,1
529,Spear 02 Blue,这是Spear 02 Blue,Spear 02 Blue,Spear 02 Blue,4,Right,15,0,25,0.5,1,0,0,0,1,1,1
530,Spear 02 Green,这是Spear 02 Green,Spear 02 Green,Spear 02 Green,4,Right,15,0,25,0.5,1,0,0,0,1,1,2
531,Spear 02 Magenta,这是Spear 02 Magenta,Spear 02 Magenta,Spear 02 Magenta,4,Right,15,0,25,0.5,1,0,0,0,1,1,1
532,Spear 02 Purple,这是Spear 02 Purple,Spear 02 Purple,Spear 02 Purple,4,Right,15,0,25,0.5,1,0,0,0,1,1,4
533,Spear 02 Red,这是Spear 02 Red,Spear 02 Red,Spear 02 Red,4,Right,15,0,25,0.5,1,0,0,0,1,1,6
534,Spear 02 White,这是Spear 02 White,Spear 02 White,Spear 02 White,4,Right,15,0,25,0.5,1,0,0,0,1,1,1
535,Spear 02 Yellow,这是Spear 02 Yellow,Spear 02 Yellow,Spear 02 Yellow,4,Right,15,0,25,0.5,1,0,0,0,1,1,5
536,Spear 03 Black,这是Spear 03 Black,Spear 03 Black,Spear 03 Black,4,Right,15,0,25,0.5,1,0,0,0,1,1,1
537,Spear 03 Blue,这是Spear 03 Blue,Spear 03 Blue,Spear 03 Blue,4,Right,15,0,25,0.5,1,0,0,0,1,1,1
538,Spear 03 Brown,这是Spear 03 Brown,Spear 03 Brown,Spear 03 Brown,4,Right,15,0,25,0.5,1,0,0,0,1,1,1
539,Spear 03 Green,这是Spear 03 Green,Spear 03 Green,Spear 03 Green,4,Right,15,0,25,0.5,1,0,0,0,1,1,2
540,Spear 03 Magenta,这是Spear 03 Magenta,Spear 03 Magenta,Spear 03 Magenta,4,Right,15,0,25,0.5,1,0,0,0,1,1,1
541,Spear 03 Purple,这是Spear 03 Purple,Spear 03 Purple,Spear 03 Purple,4,Right,15,0,25,0.5,1,0,0,0,1,1,4
542,Spear 03 Red,这是Spear 03 Red,Spear 03 Red,Spear 03 Red,4,Right,15,0,25,0.5,1,0,0,0,1,1,6
543,Spear 03 White,这是Spear 03 White,Spear 03 White,Spear 03 White,4,Right,15,0,25,0.5,1,0,0,0,1,1,1
544,Sword 01 Black,这是Sword 01 Black,Sword 01 Black,Sword 01 Black,4,Right,15,0,25,0.5,1,0,0,0,1,1,1
545,Sword 01 Blue,这是Sword 01 Blue,Sword 01 Blue,Sword 01 Blue,4,Right,15,0,25,0.5,1,0,0,0,1,1,1
546,Sword 01 Green,这是Sword 01 Green,Sword 01 Green,Sword 01 Green,4,Right,15,0,25,0.5,1,0,0,0,1,1,2
547,Sword 01 Purple,这是Sword 01 Purple,Sword 01 Purple,Sword 01 Purple,4,Right,15,0,25,0.5,1,0,0,0,1,1,4
548,Sword 01 Red,这是Sword 01 Red,Sword 01 Red,Sword 01 Red,4,Right,15,0,25,0.5,1,0,0,0,1,1,6
549,Sword 01 White,这是Sword 01 White,Sword 01 White,Sword 01 White,4,Right,15,0,25,0.5,1,0,0,0,1,1,1
550,Sword 02 Fire,这是Sword 02 Fire,Sword 02 Fire,Sword 02 Fire,4,Right,15,0,25,0.5,1,0,0,0,1,1,1
551,Sword 02 Ice,这是Sword 02 Ice,Sword 02 Ice,Sword 02 Ice,4,Right,15,0,25,0.5,1,0,0,0,1,1,1
552,Sword 02 Normal,这是Sword 02 Normal,Sword 02 Normal,Sword 02 Normal,4,Right,15,0,25,0.5,1,0,0,0,1,1,1
553,Sword 02 Poison,这是Sword 02 Poison,Sword 02 Poison,Sword 02 Poison,4,Right,15,0,25,0.5,1,0,0,0,1,1,1
554,Sword 03 Blue,这是Sword 03 Blue,Sword 03 Blue,Sword 03 Blue,4,Right,15,0,25,0.5,1,0,0,0,1,1,1
555,Sword 03 Gold,这是Sword 03 Gold,Sword 03 Gold,Sword 03 Gold,4,Right,15,0,25,0.5,1,0,0,0,1,1,1
556,Sword 03 Green,这是Sword 03 Green,Sword 03 Green,Sword 03 Green,4,Right,15,0,25,0.5,1,0,0,0,1,1,2
557,Sword 03 Red,这是Sword 03 Red,Sword 03 Red,Sword 03 Red,4,Right,15,0,25,0.5,1,0,0,0,1,1,6
558,Sword 04 Black,这是Sword 04 Black,Sword 04 Black,Sword 04 Black,4,Right,15,0,25,0.5,1,0,0,0,1,1,1
559,Sword 04 Blue,这是Sword 04 Blue,Sword 04 Blue,Sword 04 Blue,4,Right,15,0,25,0.5,1,0,0,0,1,1,1
560,Sword 04 Brown,这是Sword 04 Brown,Sword 04 Brown,Sword 04 Brown,4,Right,15,0,25,0.5,1,0,0,0,1,1,1
561,Sword 04 Green,这是Sword 04 Green,Sword 04 Green,Sword 04 Green,4,Right,15,0,25,0.5,1,0,0,0,1,1,2
562,Sword 04 Purple,这是Sword 04 Purple,Sword 04 Purple,Sword 04 Purple,4,Right,15,0,25,0.5,1,0,0,0,1,1,4
563,Sword 04 White,这是Sword 04 White,Sword 04 White,Sword 04 White,4,Right,15,0,25,0.5,1,0,0,0,1,1,1
564,Sword 05 Fire Ice,这是Sword 05 Fire Ice,Sword 05 Fire Ice,Sword 05 Fire Ice,4,Right,15,0,25,0.5,1,0,0,0,1,1,1
565,Sword 05 Light Dark,这是Sword 05 Light Dark,Sword 05 Light Dark,Sword 05 Light Dark,4,Right,15,0,25,0.5,1,0,0,0,1,1,1
566,Sword 05 Lightning,这是Sword 05 Lightning,Sword 05 Lightning,Sword 05 Lightning,4,Right,15,0,25,0.5,1,0,0,0,1,1,1
567,Sword 05 Normal Blue,这是Sword 05 Normal Blue,Sword 05 Normal Blue,Sword 05 Normal Blue,4,Right,15,0,25,0.5,1,0,0,0,1,1,1
568,Sword 05 Normal Green,这是Sword 05 Normal Green,Sword 05 Normal Green,Sword 05 Normal Green,4,Right,15,0,25,0.5,1,0,0,0,1,1,2
569,Sword 05 Normal Purple,这是Sword 05 Normal Purple,Sword 05 Normal Purple,Sword 05 Normal Purple,4,Right,15,0,25,0.5,1,0,0,0,1,1,4
570,Sword 05 Normal Red,这是Sword 05 Normal Red,Sword 05 Normal Red,Sword 05 Normal Red,4,Right,15,0,25,0.5,1,0,0,0,1,1,6
571,Sword 05 Poison,这是Sword 05 Poison,Sword 05 Poison,Sword 05 Poison,4,Right,15,0,25,0.5,1,0,0,0,1,1,1
572,Sword 06 Blue,这是Sword 06 Blue,Sword 06 Blue,Sword 06 Blue,4,Right,15,0,25,0.5,1,0,0,0,1,1,1
573,Sword 06 Green,这是Sword 06 Green,Sword 06 Green,Sword 06 Green,4,Right,15,0,25,0.5,1,0,0,0,1,1,2
574,Sword 06 Purple,这是Sword 06 Purple,Sword 06 Purple,Sword 06 Purple,4,Right,15,0,25,0.5,1,0,0,0,1,1,4
575,Sword 06 Red,这是Sword 06 Red,Sword 06 Red,Sword 06 Red,4,Right,15,0,25,0.5,1,0,0,0,1,1,6
576,Sword 06 Yellow,这是Sword 06 Yellow,Sword 06 Yellow,Sword 06 Yellow,4,Right,15,0,25,0.5,1,0,0,0,1,1,5
577,Sword 07 Blue,这是Sword 07 Blue,Sword 07 Blue,Sword 07 Blue,4,Right,15,0,25,0.5,1,0,0,0,1,1,1
578,Sword 07 Green,这是Sword 07 Green,Sword 07 Green,Sword 07 Green,4,Right,15,0,25,0.5,1,0,0,0,1,1,2
579,Sword 07 Grey,这是Sword 07 Grey,Sword 07 Grey,Sword 07 Grey,4,Right,15,0,25,0.5,1,0,0,0,1,1,1
580,Sword 07 Purple,这是Sword 07 Purple,Sword 07 Purple,Sword 07 Purple,4,Right,15,0,25,0.5,1,0,0,0,1,1,4
581,Sword 08 Blue,这是Sword 08 Blue,Sword 08 Blue,Sword 08 Blue,4,Right,15,0,25,0.5,1,0,0,0,1,1,1
582,Sword 08 Green,这是Sword 08 Green,Sword 08 Green,Sword 08 Green,4,Right,15,0,25,0.5,1,0,0,0,1,1,2
583,Sword 08 Purple,这是Sword 08 Purple,Sword 08 Purple,Sword 08 Purple,4,Right,15,0,25,0.5,1,0,0,0,1,1,4
584,Sword 08 Red,这是Sword 08 Red,Sword 08 Red,Sword 08 Red,4,Right,15,0,25,0.5,1,0,0,0,1,1,6
585,Sword 08 Yellow,这是Sword 08 Yellow,Sword 08 Yellow,Sword 08 Yellow,4,Right,15,0,25,0.5,1,0,0,0,1,1,5
586,Sword 09 Green,这是Sword 09 Green,Sword 09 Green,Sword 09 Green,4,Right,15,0,25,0.5,1,0,0,0,1,1,2
587,Sword 09 Grey,这是Sword 09 Grey,Sword 09 Grey,Sword 09 Grey,4,Right,15,0,25,0.5,1,0,0,0,1,1,1
588,Sword 09 Pink,这是Sword 09 Pink,Sword 09 Pink,Sword 09 Pink,4,Right,15,0,25,0.5,1,0,0,0,1,1,1
589,Sword 09 Purple,这是Sword 09 Purple,Sword 09 Purple,Sword 09 Purple,4,Right,15,0,25,0.5,1,0,0,0,1,1,4
590,Sword 09 Red,这是Sword 09 Red,Sword 09 Red,Sword 09 Red,4,Right,15,0,25,0.5,1,0,0,0,1,1,6
591,Sword 09 Yellow,这是Sword 09 Yellow,Sword 09 Yellow,Sword 09 Yellow,4,Right,15,0,25,0.5,1,0,0,0,1,1,5
592,Sword 10 Black Gold,这是Sword 10 Black Gold,Sword 10 Black Gold,Sword 10 Black Gold,4,Right,15,0,25,0.5,1,0,0,0,1,1,1
593,Sword 10 Blue Gold,这是Sword 10 Blue Gold,Sword 10 Blue Gold,Sword 10 Blue Gold,4,Right,15,0,25,0.5,1,0,0,0,1,1,1
594,Sword 10 Green Gold,这是Sword 10 Green Gold,Sword 10 Green Gold,Sword 10 Green Gold,4,Right,15,0,25,0.5,1,0,0,0,1,1,2
595,Sword 10 Purple Gold,这是Sword 10 Purple Gold,Sword 10 Purple Gold,Sword 10 Purple Gold,4,Right,15,0,25,0.5,1,0,0,0,1,1,4
596,Sword 10 Red Gold,这是Sword 10 Red Gold,Sword 10 Red Gold,Sword 10 Red Gold,4,Right,15,0,25,0.5,1,0,0,0,1,1,6
597,Sword 10 White Gold,这是Sword 10 White Gold,Sword 10 White Gold,Sword 10 White Gold,4,Right,15,0,25,0.5,1,0,0,0,1,1,1
598,Wand 01 Stick Blue,这是Wand 01 Stick Blue,Wand 01 Stick Blue,Wand 01 Stick Blue,4,Right,15,0,25,0.5,1,0,0,0,1,1,1
599,Wand 01 Stick Green,这是Wand 01 Stick Green,Wand 01 Stick Green,Wand 01 Stick Green,4,Right,15,0,25,0.5,1,0,0,0,1,1,2
600,Wand 01 Stick Orange,这是Wand 01 Stick Orange,Wand 01 Stick Orange,Wand 01 Stick Orange,4,Right,15,0,25,0.5,1,0,0,0,1,1,1
601,Wand 01 Stick Purple,这是Wand 01 Stick Purple,Wand 01 Stick Purple,Wand 01 Stick Purple,4,Right,15,0,25,0.5,1,0,0,0,1,1,4
602,Wand 01 Stick Red,这是Wand 01 Stick Red,Wand 01 Stick Red,Wand 01 Stick Red,4,Right,15,0,25,0.5,1,0,0,0,1,1,6
603,Wand 01 Stick White,这是Wand 01 Stick White,Wand 01 Stick White,Wand 01 Stick White,4,Right,15,0,25,0.5,1,0,0,0,1,1,1
604,Wand 01 Stick Yellow,这是Wand 01 Stick Yellow,Wand 01 Stick Yellow,Wand 01 Stick Yellow,4,Right,15,0,25,0.5,1,0,0,0,1,1,5
605,Wand 02 Blue,这是Wand 02 Blue,Wand 02 Blue,Wand 02 Blue,4,Right,15,0,25,0.5,1,0,0,0,1,1,1
606,Wand 02 Green,这是Wand 02 Green,Wand 02 Green,Wand 02 Green,4,Right,15,0,25,0.5,1,0,0,0,1,1,2
607,Wand 02 Purple,这是Wand 02 Purple,Wand 02 Purple,Wand 02 Purple,4,Right,15,0,25,0.5,1,0,0,0,1,1,4
608,Wand 02 Red,这是Wand 02 Red,Wand 02 Red,Wand 02 Red,4,Right,15,0,25,0.5,1,0,0,0,1,1,6
609,Wand 02 White,这是Wand 02 White,Wand 02 White,Wand 02 White,4,Right,15,0,25,0.5,1,0,0,0,1,1,1
610,Wand 02 Yellow,这是Wand 02 Yellow,Wand 02 Yellow,Wand 02 Yellow,4,Right,15,0,25,0.5,1,0,0,0,1,1,5
611,Wand 03 Blue,这是Wand 03 Blue,Wand 03 Blue,Wand 03 Blue,4,Right,15,0,25,0.5,1,0,0,0,1,1,1
612,Wand 03 Green,这是Wand 03 Green,Wand 03 Green,Wand 03 Green,4,Right,15,0,25,0.5,1,0,0,0,1,1,2
613,Wand 03 Purple,这是Wand 03 Purple,Wand 03 Purple,Wand 03 Purple,4,Right,15,0,25,0.5,1,0,0,0,1,1,4
614,Wand 03 Red,这是Wand 03 Red,Wand 03 Red,Wand 03 Red,4,Right,15,0,25,0.5,1,0,0,0,1,1,6
615,Wand 04 Blue,这是Wand 04 Blue,Wand 04 Blue,Wand 04 Blue,4,Right,15,0,25,0.5,1,0,0,0,1,1,1
616,Wand 04 Green,这是Wand 04 Green,Wand 04 Green,Wand 04 Green,4,Right,15,0,25,0.5,1,0,0,0,1,1,2
617,Wand 04 Purple,这是Wand 04 Purple,Wand 04 Purple,Wand 04 Purple,4,Right,15,0,25,0.5,1,0,0,0,1,1,4
618,Wand 04 Red,这是Wand 04 Red,Wand 04 Red,Wand 04 Red,4,Right,15,0,25,0.5,1,0,0,0,1,1,6
619,Wand 04 White,这是Wand 04 White,Wand 04 White,Wand 04 White,4,Right,15,0,25,0.5,1,0,0,0,1,1,1
620,Wand 04 Yellow,这是Wand 04 Yellow,Wand 04 Yellow,Wand 04 Yellow,4,Right,15,0,25,0.5,1,0,0,0,1,1,5
621,Wand 05 Blue,这是Wand 05 Blue,Wand 05 Blue,Wand 05 Blue,4,Right,15,0,25,0.5,1,0,0,0,1,1,1
622,Wand 05 Green,这是Wand 05 Green,Wand 05 Green,Wand 05 Green,4,Right,15,0,25,0.5,1,0,0,0,1,1,2
623,Wand 05 Purple,这是Wand 05 Purple,Wand 05 Purple,Wand 05 Purple,4,Right,15,0,25,0.5,1,0,0,0,1,1,4
624,Wand 05 Red,这是Wand 05 Red,Wand 05 Red,Wand 05 Red,4,Right,15,0,25,0.5,1,0,0,0,1,1,6
625,Wand 05 Yellow,这是Wand 05 Yellow,Wand 05 Yellow,Wand 05 Yellow,4,Right,15,0,25,0.5,1,0,0,0,1,1,5
626,Wand 06 Broom Black,这是Wand 06 Broom Black,Wand 06 Broom Black,Wand 06 Broom Black,4,Right,15,0,25,0.5,1,0,0,0,1,1,1
627,Wand 06 Broom Blue,这是Wand 06 Broom Blue,Wand 06 Broom Blue,Wand 06 Broom Blue,4,Right,15,0,25,0.5,1,0,0,0,1,1,1
628,Wand 06 Broom Brown,这是Wand 06 Broom Brown,Wand 06 Broom Brown,Wand 06 Broom Brown,4,Right,15,0,25,0.5,1,0,0,0,1,1,1
629,Wand 06 Broom Green,这是Wand 06 Broom Green,Wand 06 Broom Green,Wand 06 Broom Green,4,Right,15,0,25,0.5,1,0,0,0,1,1,2
630,Wand 06 Broom Purple,这是Wand 06 Broom Purple,Wand 06 Broom Purple,Wand 06 Broom Purple,4,Right,15,0,25,0.5,1,0,0,0,1,1,4
631,Wand 06 Broom Red,这是Wand 06 Broom Red,Wand 06 Broom Red,Wand 06 Broom Red,4,Right,15,0,25,0.5,1,0,0,0,1,1,6
632,Wand 06 Broom White,这是Wand 06 Broom White,Wand 06 Broom White,Wand 06 Broom White,4,Right,15,0,25,0.5,1,0,0,0,1,1,1
633,Wand 07 Blue,这是Wand 07 Blue,Wand 07 Blue,Wand 07 Blue,4,Right,15,0,25,0.5,1,0,0,0,1,1,1
634,Wand 07 Green,这是Wand 07 Green,Wand 07 Green,Wand 07 Green,4,Right,15,0,25,0.5,1,0,0,0,1,1,2
635,Wand 07 Purple,这是Wand 07 Purple,Wand 07 Purple,Wand 07 Purple,4,Right,15,0,25,0.5,1,0,0,0,1,1,4
636,Wand 07 Red,这是Wand 07 Red,Wand 07 Red,Wand 07 Red,4,Right,15,0,25,0.5,1,0,0,0,1,1,6
637,Wand 07 White,这是Wand 07 White,Wand 07 White,Wand 07 White,4,Right,15,0,25,0.5,1,0,0,0,1,1,1
638,Wand 07 Yellow,这是Wand 07 Yellow,Wand 07 Yellow,Wand 07 Yellow,4,Right,15,0,25,0.5,1,0,0,0,1,1,5
639,Wand 08 Black,这是Wand 08 Black,Wand 08 Black,Wand 08 Black,4,Right,15,0,25,0.5,1,0,0,0,1,1,1
640,Wand 08 Blue,这是Wand 08 Blue,Wand 08 Blue,Wand 08 Blue,4,Right,15,0,25,0.5,1,0,0,0,1,1,1
641,Wand 08 Green,这是Wand 08 Green,Wand 08 Green,Wand 08 Green,4,Right,15,0,25,0.5,1,0,0,0,1,1,2
642,Wand 08 Purple,这是Wand 08 Purple,Wand 08 Purple,Wand 08 Purple,4,Right,15,0,25,0.5,1,0,0,0,1,1,4
643,Wand 08 Red,这是Wand 08 Red,Wand 08 Red,Wand 08 Red,4,Right,15,0,25,0.5,1,0,0,0,1,1,6
644,Wand 08 White,这是Wand 08 White,Wand 08 White,Wand 08 White,4,Right,15,0,25,0.5,1,0,0,0,1,1,1
645,Wand 08 Yellow,这是Wand 08 Yellow,Wand 08 Yellow,Wand 08 Yellow,4,Right,15,0,25,0.5,1,0,0,0,1,1,5
646,Wand 09 Blue,这是Wand 09 Blue,Wand 09 Blue,Wand 09 Blue,4,Right,15,0,25,0.5,1,0,0,0,1,1,1
647,Wand 09 Green,这是Wand 09 Green,Wand 09 Green,Wand 09 Green,4,Right,15,0,25,0.5,1,0,0,0,1,1,2
648,Wand 09 Magenta,这是Wand 09 Magenta,Wand 09 Magenta,Wand 09 Magenta,4,Right,15,0,25,0.5,1,0,0,0,1,1,1
649,Wand 09 Pink,这是Wand 09 Pink,Wand 09 Pink,Wand 09 Pink,4,Right,15,0,25,0.5,1,0,0,0,1,1,1
650,Wand 09 Purple,这是Wand 09 Purple,Wand 09 Purple,Wand 09 Purple,4,Right,15,0,25,0.5,1,0,0,0,1,1,4
651,Wand 09 Red,这是Wand 09 Red,Wand 09 Red,Wand 09 Red,4,Right,15,0,25,0.5,1,0,0,0,1,1,6
652,Wand 10 Black,这是Wand 10 Black,Wand 10 Black,Wand 10 Black,4,Right,15,0,25,0.5,1,0,0,0,1,1,1
653,Wand 10 Blue,这是Wand 10 Blue,Wand 10 Blue,Wand 10 Blue,4,Right,15,0,25,0.5,1,0,0,0,1,1,1
654,Wand 10 Green,这是Wand 10 Green,Wand 10 Green,Wand 10 Green,4,Right,15,0,25,0.5,1,0,0,0,1,1,2
655,Wand 10 Purple,这是Wand 10 Purple,Wand 10 Purple,Wand 10 Purple,4,Right,15,0,25,0.5,1,0,0,0,1,1,4
656,Wand 10 Red,这是Wand 10 Red,Wand 10 Red,Wand 10 Red,4,Right,15,0,25,0.5,1,0,0,0,1,1,6
657,Wand 10 White,这是Wand 10 White,Wand 10 White,Wand 10 White,4,Right,15,0,25,0.5,1,0,0,0,1,1,1
658,Wand 11 Santa,这是Wand 11 Santa,Wand 11 Santa,Wand 11 Santa,4,Right,15,0,25,0.5,1,0,0,0,1,1,1
659,Claw 01 Black Red,这是Claw 01 Black Red,Claw 01 Black Red,Claw 01 Black Red,3,Left,15,0,25,0.5,1,0,0,0,1,1,6
660,Claw 01 Blue Blue,这是Claw 01 Blue Blue,Claw 01 Blue Blue,Claw 01 Blue Blue,3,Left,15,0,25,0.5,1,0,0,0,1,1,1
661,Claw 01 Gold White,这是Claw 01 Gold White,Claw 01 Gold White,Claw 01 Gold White,3,Left,15,0,25,0.5,1,0,0,0,1,1,1
662,Claw 01 Grey Purple,这是Claw 01 Grey Purple,Claw 01 Grey Purple,Claw 01 Grey Purple,3,Left,15,0,25,0.5,1,0,0,0,1,1,4
663,Claw 01 Grey White,这是Claw 01 Grey White,Claw 01 Grey White,Claw 01 Grey White,3,Left,15,0,25,0.5,1,0,0,0,1,1,1
664,Claw 01 Purple Green,这是Claw 01 Purple Green,Claw 01 Purple Green,Claw 01 Purple Green,3,Left,15,0,25,0.5,1,0,0,0,1,1,4
665,Claw 01 Purple Red,这是Claw 01 Purple Red,Claw 01 Purple Red,Claw 01 Purple Red,3,Left,15,0,25,0.5,1,0,0,0,1,1,6
666,Claw 01 Red Yellow,这是Claw 01 Red Yellow,Claw 01 Red Yellow,Claw 01 Red Yellow,3,Left,15,0,25,0.5,1,0,0,0,1,1,6
667,Claw 02 Blue,这是Claw 02 Blue,Claw 02 Blue,Claw 02 Blue,3,Left,15,0,25,0.5,1,0,0,0,1,1,1
668,Claw 02 Green,这是Claw 02 Green,Claw 02 Green,Claw 02 Green,3,Left,15,0,25,0.5,1,0,0,0,1,1,2
669,Claw 02 Purple,这是Claw 02 Purple,Claw 02 Purple,Claw 02 Purple,3,Left,15,0,25,0.5,1,0,0,0,1,1,4
670,Claw 02 Red,这是Claw 02 Red,Claw 02 Red,Claw 02 Red,3,Left,15,0,25,0.5,1,0,0,0,1,1,6
671,Claw 02 White,这是Claw 02 White,Claw 02 White,Claw 02 White,3,Left,15,0,25,0.5,1,0,0,0,1,1,1
672,Claw 03 Black,这是Claw 03 Black,Claw 03 Black,Claw 03 Black,3,Left,15,0,25,0.5,1,0,0,0,1,1,1
673,Claw 03 Blue,这是Claw 03 Blue,Claw 03 Blue,Claw 03 Blue,3,Left,15,0,25,0.5,1,0,0,0,1,1,1
674,Claw 03 Green,这是Claw 03 Green,Claw 03 Green,Claw 03 Green,3,Left,15,0,25,0.5,1,0,0,0,1,1,2
675,Claw 03 Magenta,这是Claw 03 Magenta,Claw 03 Magenta,Claw 03 Magenta,3,Left,15,0,25,0.5,1,0,0,0,1,1,1
676,Claw 03 Purple,这是Claw 03 Purple,Claw 03 Purple,Claw 03 Purple,3,Left,15,0,25,0.5,1,0,0,0,1,1,4
677,Claw 03 Red,这是Claw 03 Red,Claw 03 Red,Claw 03 Red,3,Left,15,0,25,0.5,1,0,0,0,1,1,6
678,Claw 03 White,这是Claw 03 White,Claw 03 White,Claw 03 White,3,Left,15,0,25,0.5,1,0,0,0,1,1,1
679,Claw 03 Yellow,这是Claw 03 Yellow,Claw 03 Yellow,Claw 03 Yellow,3,Left,15,0,25,0.5,1,0,0,0,1,1,5
680,Crossbow 01 Black,这是Crossbow 01 Black,Crossbow 01 Black,Crossbow 01 Black,3,Left,15,0,25,0.5,1,0,0,0,1,1,1
681,Crossbow 01 Blue,这是Crossbow 01 Blue,Crossbow 01 Blue,Crossbow 01 Blue,3,Left,15,0,25,0.5,1,0,0,0,1,1,1
682,Crossbow 01 Green,这是Crossbow 01 Green,Crossbow 01 Green,Crossbow 01 Green,3,Left,15,0,25,0.5,1,0,0,0,1,1,2
683,Crossbow 01 No Arrow Black,这是Crossbow 01 No Arrow Black,Crossbow 01 No Arrow Black,Crossbow 01 No Arrow Black,3,Left,15,0,25,0.5,1,0,0,0,1,1,1
684,Crossbow 01 No Arrow Blue,这是Crossbow 01 No Arrow Blue,Crossbow 01 No Arrow Blue,Crossbow 01 No Arrow Blue,3,Left,15,0,25,0.5,1,0,0,0,1,1,1
685,Crossbow 01 No Arrow Green,这是Crossbow 01 No Arrow Green,Crossbow 01 No Arrow Green,Crossbow 01 No Arrow Green,3,Left,15,0,25,0.5,1,0,0,0,1,1,2
686,Crossbow 01 No Arrow Purple,这是Crossbow 01 No Arrow Purple,Crossbow 01 No Arrow Purple,Crossbow 01 No Arrow Purple,3,Left,15,0,25,0.5,1,0,0,0,1,1,4
687,Crossbow 01 No Arrow Red,这是Crossbow 01 No Arrow Red,Crossbow 01 No Arrow Red,Crossbow 01 No Arrow Red,3,Left,15,0,25,0.5,1,0,0,0,1,1,6
688,Crossbow 01 No Arrow White,这是Crossbow 01 No Arrow White,Crossbow 01 No Arrow White,Crossbow 01 No Arrow White,3,Left,15,0,25,0.5,1,0,0,0,1,1,1
689,Crossbow 01 No Arrow Yellow,这是Crossbow 01 No Arrow Yellow,Crossbow 01 No Arrow Yellow,Crossbow 01 No Arrow Yellow,3,Left,15,0,25,0.5,1,0,0,0,1,1,5
690,Crossbow 01 Purple,这是Crossbow 01 Purple,Crossbow 01 Purple,Crossbow 01 Purple,3,Left,15,0,25,0.5,1,0,0,0,1,1,4
691,Crossbow 01 Red,这是Crossbow 01 Red,Crossbow 01 Red,Crossbow 01 Red,3,Left,15,0,25,0.5,1,0,0,0,1,1,6
692,Crossbow 01 White,这是Crossbow 01 White,Crossbow 01 White,Crossbow 01 White,3,Left,15,0,25,0.5,1,0,0,0,1,1,1
693,Crossbow 01 Yellow,这是Crossbow 01 Yellow,Crossbow 01 Yellow,Crossbow 01 Yellow,3,Left,15,0,25,0.5,1,0,0,0,1,1,5
694,Crossbow 02 Black,这是Crossbow 02 Black,Crossbow 02 Black,Crossbow 02 Black,3,Left,15,0,25,0.5,1,0,0,0,1,1,1
695,Crossbow 02 Blue,这是Crossbow 02 Blue,Crossbow 02 Blue,Crossbow 02 Blue,3,Left,15,0,25,0.5,1,0,0,0,1,1,1
696,Crossbow 02 Green,这是Crossbow 02 Green,Crossbow 02 Green,Crossbow 02 Green,3,Left,15,0,25,0.5,1,0,0,0,1,1,2
697,Crossbow 02 No Arrow Black,这是Crossbow 02 No Arrow Black,Crossbow 02 No Arrow Black,Crossbow 02 No Arrow Black,3,Left,15,0,25,0.5,1,0,0,0,1,1,1
698,Crossbow 02 No Arrow Blue,这是Crossbow 02 No Arrow Blue,Crossbow 02 No Arrow Blue,Crossbow 02 No Arrow Blue,3,Left,15,0,25,0.5,1,0,0,0,1,1,1
699,Crossbow 02 No Arrow Green,这是Crossbow 02 No Arrow Green,Crossbow 02 No Arrow Green,Crossbow 02 No Arrow Green,3,Left,15,0,25,0.5,1,0,0,0,1,1,2
700,Crossbow 02 No Arrow Orange,这是Crossbow 02 No Arrow Orange,Crossbow 02 No Arrow Orange,Crossbow 02 No Arrow Orange,3,Left,15,0,25,0.5,1,0,0,0,1,1,1
701,Crossbow 02 No Arrow Purple,这是Crossbow 02 No Arrow Purple,Crossbow 02 No Arrow Purple,Crossbow 02 No Arrow Purple,3,Left,15,0,25,0.5,1,0,0,0,1,1,4
702,Crossbow 02 No Arrow Red,这是Crossbow 02 No Arrow Red,Crossbow 02 No Arrow Red,Crossbow 02 No Arrow Red,3,Left,15,0,25,0.5,1,0,0,0,1,1,6
703,Crossbow 02 No Arrow White,这是Crossbow 02 No Arrow White,Crossbow 02 No Arrow White,Crossbow 02 No Arrow White,3,Left,15,0,25,0.5,1,0,0,0,1,1,1
704,Crossbow 02 No Arrow Yellow,这是Crossbow 02 No Arrow Yellow,Crossbow 02 No Arrow Yellow,Crossbow 02 No Arrow Yellow,3,Left,15,0,25,0.5,1,0,0,0,1,1,5
705,Crossbow 02 Orange,这是Crossbow 02 Orange,Crossbow 02 Orange,Crossbow 02 Orange,3,Left,15,0,25,0.5,1,0,0,0,1,1,1
706,Crossbow 02 Purple,这是Crossbow 02 Purple,Crossbow 02 Purple,Crossbow 02 Purple,3,Left,15,0,25,0.5,1,0,0,0,1,1,4
707,Crossbow 02 Red,这是Crossbow 02 Red,Crossbow 02 Red,Crossbow 02 Red,3,Left,15,0,25,0.5,1,0,0,0,1,1,6
708,Crossbow 02 White,这是Crossbow 02 White,Crossbow 02 White,Crossbow 02 White,3,Left,15,0,25,0.5,1,0,0,0,1,1,1
709,Crossbow 02 Yellow,这是Crossbow 02 Yellow,Crossbow 02 Yellow,Crossbow 02 Yellow,3,Left,15,0,25,0.5,1,0,0,0,1,1,5
710,Crossbow 03 Black,这是Crossbow 03 Black,Crossbow 03 Black,Crossbow 03 Black,3,Left,15,0,25,0.5,1,0,0,0,1,1,1
711,Crossbow 03 Blue,这是Crossbow 03 Blue,Crossbow 03 Blue,Crossbow 03 Blue,3,Left,15,0,25,0.5,1,0,0,0,1,1,1
712,Crossbow 03 Green,这是Crossbow 03 Green,Crossbow 03 Green,Crossbow 03 Green,3,Left,15,0,25,0.5,1,0,0,0,1,1,2
713,Crossbow 03 Purple,这是Crossbow 03 Purple,Crossbow 03 Purple,Crossbow 03 Purple,3,Left,15,0,25,0.5,1,0,0,0,1,1,4
714,Crossbow 03 Red,这是Crossbow 03 Red,Crossbow 03 Red,Crossbow 03 Red,3,Left,15,0,25,0.5,1,0,0,0,1,1,6
715,Hand Aura 01 Blue,这是Hand Aura 01 Blue,Hand Aura 01 Blue,Hand Aura 01 Blue,3,Left,15,0,25,0.5,1,0,0,0,1,1,1
716,Hand Aura 01 Green,这是Hand Aura 01 Green,Hand Aura 01 Green,Hand Aura 01 Green,3,Left,15,0,25,0.5,1,0,0,0,1,1,2
717,Hand Aura 01 Purple,这是Hand Aura 01 Purple,Hand Aura 01 Purple,Hand Aura 01 Purple,3,Left,15,0,25,0.5,1,0,0,0,1,1,4
718,Hand Aura 01 Red,这是Hand Aura 01 Red,Hand Aura 01 Red,Hand Aura 01 Red,3,Left,15,0,25,0.5,1,0,0,0,1,1,6
719,Hand Aura 01 Yellow,这是Hand Aura 01 Yellow,Hand Aura 01 Yellow,Hand Aura 01 Yellow,3,Left,15,0,25,0.5,1,0,0,0,1,1,5
720,Knuckles 01 Black Purple,这是Knuckles 01 Black Purple,Knuckles 01 Black Purple,Knuckles 01 Black Purple,3,Left,15,0,25,0.5,1,0,0,0,1,1,4
721,Knuckles 01 Blue Blue,这是Knuckles 01 Blue Blue,Knuckles 01 Blue Blue,Knuckles 01 Blue Blue,3,Left,15,0,25,0.5,1,0,0,0,1,1,1
722,Knuckles 01 Gold Blue,这是Knuckles 01 Gold Blue,Knuckles 01 Gold Blue,Knuckles 01 Gold Blue,3,Left,15,0,25,0.5,1,0,0,0,1,1,1
723,Knuckles 01 Gold Green,这是Knuckles 01 Gold Green,Knuckles 01 Gold Green,Knuckles 01 Gold Green,3,Left,15,0,25,0.5,1,0,0,0,1,1,2
724,Knuckles 01 Gold Purple,这是Knuckles 01 Gold Purple,Knuckles 01 Gold Purple,Knuckles 01 Gold Purple,3,Left,15,0,25,0.5,1,0,0,0,1,1,4
725,Knuckles 01 Gold Red,这是Knuckles 01 Gold Red,Knuckles 01 Gold Red,Knuckles 01 Gold Red,3,Left,15,0,25,0.5,1,0,0,0,1,1,6
726,Knuckles 01 Gold White,这是Knuckles 01 Gold White,Knuckles 01 Gold White,Knuckles 01 Gold White,3,Left,15,0,25,0.5,1,0,0,0,1,1,1
727,Knuckles 01 Gold Yellow,这是Knuckles 01 Gold Yellow,Knuckles 01 Gold Yellow,Knuckles 01 Gold Yellow,3,Left,15,0,25,0.5,1,0,0,0,1,1,5
728,Knuckles 01 Grey White,这是Knuckles 01 Grey White,Knuckles 01 Grey White,Knuckles 01 Grey White,3,Left,15,0,25,0.5,1,0,0,0,1,1,1
729,Knuckles 01 Grey Yellow,这是Knuckles 01 Grey Yellow,Knuckles 01 Grey Yellow,Knuckles 01 Grey Yellow,3,Left,15,0,25,0.5,1,0,0,0,1,1,5
730,Knuckles 02 Black,这是Knuckles 02 Black,Knuckles 02 Black,Knuckles 02 Black,3,Left,15,0,25,0.5,1,0,0,0,1,1,1
731,Knuckles 02 Blue,这是Knuckles 02 Blue,Knuckles 02 Blue,Knuckles 02 Blue,3,Left,15,0,25,0.5,1,0,0,0,1,1,1
732,Knuckles 02 Brown,这是Knuckles 02 Brown,Knuckles 02 Brown,Knuckles 02 Brown,3,Left,15,0,25,0.5,1,0,0,0,1,1,1
733,Knuckles 02 Green,这是Knuckles 02 Green,Knuckles 02 Green,Knuckles 02 Green,3,Left,15,0,25,0.5,1,0,0,0,1,1,2
734,Knuckles 02 Magenta,这是Knuckles 02 Magenta,Knuckles 02 Magenta,Knuckles 02 Magenta,3,Left,15,0,25,0.5,1,0,0,0,1,1,1
735,Knuckles 02 Purple,这是Knuckles 02 Purple,Knuckles 02 Purple,Knuckles 02 Purple,3,Left,15,0,25,0.5,1,0,0,0,1,1,4
736,Knuckles 02 Red,这是Knuckles 02 Red,Knuckles 02 Red,Knuckles 02 Red,3,Left,15,0,25,0.5,1,0,0,0,1,1,6
737,Knuckles 02 White,这是Knuckles 02 White,Knuckles 02 White,Knuckles 02 White,3,Left,15,0,25,0.5,1,0,0,0,1,1,1
738,Knuckles 03 Black,这是Knuckles 03 Black,Knuckles 03 Black,Knuckles 03 Black,3,Left,15,0,25,0.5,1,0,0,0,1,1,1
739,Knuckles 03 Blue,这是Knuckles 03 Blue,Knuckles 03 Blue,Knuckles 03 Blue,3,Left,15,0,25,0.5,1,0,0,0,1,1,1
740,Knuckles 03 Brown,这是Knuckles 03 Brown,Knuckles 03 Brown,Knuckles 03 Brown,3,Left,15,0,25,0.5,1,0,0,0,1,1,1
741,Knuckles 03 Green,这是Knuckles 03 Green,Knuckles 03 Green,Knuckles 03 Green,3,Left,15,0,25,0.5,1,0,0,0,1,1,2
742,Knuckles 03 Magenta,这是Knuckles 03 Magenta,Knuckles 03 Magenta,Knuckles 03 Magenta,3,Left,15,0,25,0.5,1,0,0,0,1,1,1
743,Knuckles 03 Purple,这是Knuckles 03 Purple,Knuckles 03 Purple,Knuckles 03 Purple,3,Left,15,0,25,0.5,1,0,0,0,1,1,4
744,Knuckles 03 Red,这是Knuckles 03 Red,Knuckles 03 Red,Knuckles 03 Red,3,Left,15,0,25,0.5,1,0,0,0,1,1,6
745,Knuckles 03 White,这是Knuckles 03 White,Knuckles 03 White,Knuckles 03 White,3,Left,15,0,25,0.5,1,0,0,0,1,1,1
746,Shield 01 Black,这是Shield 01 Black,Shield 01 Black,Shield 01 Black,3,Left,15,0,25,0.5,1,0,0,0,1,1,1
747,Shield 01 Blue,这是Shield 01 Blue,Shield 01 Blue,Shield 01 Blue,3,Left,15,0,25,0.5,1,0,0,0,1,1,1
748,Shield 01 Green,这是Shield 01 Green,Shield 01 Green,Shield 01 Green,3,Left,15,0,25,0.5,1,0,0,0,1,1,2
749,Shield 01 Purple,这是Shield 01 Purple,Shield 01 Purple,Shield 01 Purple,3,Left,15,0,25,0.5,1,0,0,0,1,1,4
750,Shield 01 Red,这是Shield 01 Red,Shield 01 Red,Shield 01 Red,3,Left,15,0,25,0.5,1,0,0,0,1,1,6
751,Shield 01 White,这是Shield 01 White,Shield 01 White,Shield 01 White,3,Left,15,0,25,0.5,1,0,0,0,1,1,1
752,Shield 02 Blue,这是Shield 02 Blue,Shield 02 Blue,Shield 02 Blue,3,Left,15,0,25,0.5,1,0,0,0,1,1,1
753,Shield 02 Brown,这是Shield 02 Brown,Shield 02 Brown,Shield 02 Brown,3,Left,15,0,25,0.5,1,0,0,0,1,1,1
754,Shield 02 Green,这是Shield 02 Green,Shield 02 Green,Shield 02 Green,3,Left,15,0,25,0.5,1,0,0,0,1,1,2
755,Shield 02 Grey,这是Shield 02 Grey,Shield 02 Grey,Shield 02 Grey,3,Left,15,0,25,0.5,1,0,0,0,1,1,1
756,Shield 02 Purple,这是Shield 02 Purple,Shield 02 Purple,Shield 02 Purple,3,Left,15,0,25,0.5,1,0,0,0,1,1,4
757,Shield 03 Blue,这是Shield 03 Blue,Shield 03 Blue,Shield 03 Blue,3,Left,15,0,25,0.5,1,0,0,0,1,1,1
758,Shield 03 Brown,这是Shield 03 Brown,Shield 03 Brown,Shield 03 Brown,3,Left,15,0,25,0.5,1,0,0,0,1,1,1
759,Shield 03 Green,这是Shield 03 Green,Shield 03 Green,Shield 03 Green,3,Left,15,0,25,0.5,1,0,0,0,1,1,2
760,Shield 03 Magenta,这是Shield 03 Magenta,Shield 03 Magenta,Shield 03 Magenta,3,Left,15,0,25,0.5,1,0,0,0,1,1,1
761,Shield 03 Purple,这是Shield 03 Purple,Shield 03 Purple,Shield 03 Purple,3,Left,15,0,25,0.5,1,0,0,0,1,1,4
762,Shield 04 Blue,这是Shield 04 Blue,Shield 04 Blue,Shield 04 Blue,3,Left,15,0,25,0.5,1,0,0,0,1,1,1
763,Shield 04 Orange,这是Shield 04 Orange,Shield 04 Orange,Shield 04 Orange,3,Left,15,0,25,0.5,1,0,0,0,1,1,1
764,Shield 04 Purple,这是Shield 04 Purple,Shield 04 Purple,Shield 04 Purple,3,Left,15,0,25,0.5,1,0,0,0,1,1,4
765,Shield 04 Red,这是Shield 04 Red,Shield 04 Red,Shield 04 Red,3,Left,15,0,25,0.5,1,0,0,0,1,1,6
766,Shield 04 Yellow,这是Shield 04 Yellow,Shield 04 Yellow,Shield 04 Yellow,3,Left,15,0,25,0.5,1,0,0,0,1,1,5
767,Shield 05 Blue,这是Shield 05 Blue,Shield 05 Blue,Shield 05 Blue,3,Left,15,0,25,0.5,1,0,0,0,1,1,1
768,Shield 05 Green,这是Shield 05 Green,Shield 05 Green,Shield 05 Green,3,Left,15,0,25,0.5,1,0,0,0,1,1,2
769,Shield 05 Purple,这是Shield 05 Purple,Shield 05 Purple,Shield 05 Purple,3,Left,15,0,25,0.5,1,0,0,0,1,1,4
770,Shield 05 Red,这是Shield 05 Red,Shield 05 Red,Shield 05 Red,3,Left,15,0,25,0.5,1,0,0,0,1,1,6
771,Shield 05 Yellow,这是Shield 05 Yellow,Shield 05 Yellow,Shield 05 Yellow,3,Left,15,0,25,0.5,1,0,0,0,1,1,5
772,Shield 06 Black,这是Shield 06 Black,Shield 06 Black,Shield 06 Black,3,Left,15,0,25,0.5,1,0,0,0,1,1,1
773,Shield 06 Blue,这是Shield 06 Blue,Shield 06 Blue,Shield 06 Blue,3,Left,15,0,25,0.5,1,0,0,0,1,1,1
774,Shield 06 Green,这是Shield 06 Green,Shield 06 Green,Shield 06 Green,3,Left,15,0,25,0.5,1,0,0,0,1,1,2
775,Shield 06 Purple,这是Shield 06 Purple,Shield 06 Purple,Shield 06 Purple,3,Left,15,0,25,0.5,1,0,0,0,1,1,4
776,Shield 06 Red,这是Shield 06 Red,Shield 06 Red,Shield 06 Red,3,Left,15,0,25,0.5,1,0,0,0,1,1,6
777,Shield 06 White,这是Shield 06 White,Shield 06 White,Shield 06 White,3,Left,15,0,25,0.5,1,0,0,0,1,1,1
778,Shield 07 Black,这是Shield 07 Black,Shield 07 Black,Shield 07 Black,3,Left,15,0,25,0.5,1,0,0,0,1,1,1
779,Shield 07 Blue,这是Shield 07 Blue,Shield 07 Blue,Shield 07 Blue,3,Left,15,0,25,0.5,1,0,0,0,1,1,1
780,Shield 07 Green,这是Shield 07 Green,Shield 07 Green,Shield 07 Green,3,Left,15,0,25,0.5,1,0,0,0,1,1,2
781,Shield 07 Purple,这是Shield 07 Purple,Shield 07 Purple,Shield 07 Purple,3,Left,15,0,25,0.5,1,0,0,0,1,1,4
782,Shield 07 Red,这是Shield 07 Red,Shield 07 Red,Shield 07 Red,3,Left,15,0,25,0.5,1,0,0,0,1,1,6
783,Shield 07 Yellow,这是Shield 07 Yellow,Shield 07 Yellow,Shield 07 Yellow,3,Left,15,0,25,0.5,1,0,0,0,1,1,5
784,Shield 08 Black,这是Shield 08 Black,Shield 08 Black,Shield 08 Black,3,Left,15,0,25,0.5,1,0,0,0,1,1,1
785,Shield 08 Blue,这是Shield 08 Blue,Shield 08 Blue,Shield 08 Blue,3,Left,15,0,25,0.5,1,0,0,0,1,1,1
786,Shield 08 Green,这是Shield 08 Green,Shield 08 Green,Shield 08 Green,3,Left,15,0,25,0.5,1,0,0,0,1,1,2
787,Shield 08 Orange,这是Shield 08 Orange,Shield 08 Orange,Shield 08 Orange,3,Left,15,0,25,0.5,1,0,0,0,1,1,1
788,Shield 08 Purple,这是Shield 08 Purple,Shield 08 Purple,Shield 08 Purple,3,Left,15,0,25,0.5,1,0,0,0,1,1,4
789,Shield 08 Red,这是Shield 08 Red,Shield 08 Red,Shield 08 Red,3,Left,15,0,25,0.5,1,0,0,0,1,1,6
790,Shield 08 White,这是Shield 08 White,Shield 08 White,Shield 08 White,3,Left,15,0,25,0.5,1,0,0,0,1,1,1
791,Shield 08 Yellow,这是Shield 08 Yellow,Shield 08 Yellow,Shield 08 Yellow,3,Left,15,0,25,0.5,1,0,0,0,1,1,5
792,Shield 09 Black,这是Shield 09 Black,Shield 09 Black,Shield 09 Black,3,Left,15,0,25,0.5,1,0,0,0,1,1,1
793,Shield 09 Blue,这是Shield 09 Blue,Shield 09 Blue,Shield 09 Blue,3,Left,15,0,25,0.5,1,0,0,0,1,1,1
794,Shield 09 Green,这是Shield 09 Green,Shield 09 Green,Shield 09 Green,3,Left,15,0,25,0.5,1,0,0,0,1,1,2
795,Shield 09 Purple,这是Shield 09 Purple,Shield 09 Purple,Shield 09 Purple,3,Left,15,0,25,0.5,1,0,0,0,1,1,4
796,Shield 09 Red,这是Shield 09 Red,Shield 09 Red,Shield 09 Red,3,Left,15,0,25,0.5,1,0,0,0,1,1,6
797,Shield 09 White,这是Shield 09 White,Shield 09 White,Shield 09 White,3,Left,15,0,25,0.5,1,0,0,0,1,1,1
798,Shield 10 Black,这是Shield 10 Black,Shield 10 Black,Shield 10 Black,3,Left,15,0,25,0.5,1,0,0,0,1,1,1
799,Shield 10 Blue,这是Shield 10 Blue,Shield 10 Blue,Shield 10 Blue,3,Left,15,0,25,0.5,1,0,0,0,1,1,1
800,Shield 10 Brown,这是Shield 10 Brown,Shield 10 Brown,Shield 10 Brown,3,Left,15,0,25,0.5,1,0,0,0,1,1,1
801,Shield 10 Green,这是Shield 10 Green,Shield 10 Green,Shield 10 Green,3,Left,15,0,25,0.5,1,0,0,0,1,1,2
802,Shield 10 Purple,这是Shield 10 Purple,Shield 10 Purple,Shield 10 Purple,3,Left,15,0,25,0.5,1,0,0,0,1,1,4
803,Shield 10 Red,这是Shield 10 Red,Shield 10 Red,Shield 10 Red,3,Left,15,0,25,0.5,1,0,0,0,1,1,6
804,Shield 10 White,这是Shield 10 White,Shield 10 White,Shield 10 White,3,Left,15,0,25,0.5,1,0,0,0,1,1,1
